SOC2018_Code,SOC2018_Occupation_Title,Automation_Probability,Active Learning,Active Listening,Complex Problem Solving,Coordination,Critical Thinking,Equipment Maintenance,Equipment Selection,Installation,Instructing,Judgment and Decision Making,Learning Strategies,Management of Financial Resources,Management of Material Resources,Management of Personnel Resources,Mathematics,Monitoring,Negotiation,Operation and Control,Operations Analysis,Operations Monitoring,Persuasion,Programming,Quality Control Analysis,Reading Comprehension,Repairing,Science,Service Orientation,Social Perceptiveness,Speaking,Systems Analysis,Systems Evaluation,Technology Design,Time Management,Troubleshooting,Writing
11-1011,Chief Executives,0.02,3.75,4.0,4.19,4.0,4.25,1.0,1.12,1.0,3.32,4.31,3.25,3.56,3.12,3.68,3.06,3.88,3.62,1.94,3.0,2.0,3.94,1.82,1.88,4.06,1.0,1.87,3.18,4.0,4.12,4.0,4.06,1.82,3.69,1.25,4.12
11-1021,General and Operations Managers,0.16,3.62,4.0,3.62,3.88,3.88,1.0,1.0,1.0,3.0,3.62,3.0,3.0,3.12,3.75,2.62,4.0,3.5,1.88,2.5,2.25,3.62,1.5,2.38,4.0,1.0,1.5,3.25,3.75,4.0,3.12,3.12,1.5,3.62,1.75,3.5
11-2011,Advertising and Promotions Managers,0.04,3.25,4.12,3.5,3.5,4.0,1.0,1.12,1.0,2.88,3.75,3.0,2.75,2.62,3.12,3.0,3.25,3.12,1.0,2.75,1.62,3.38,1.75,1.62,3.75,1.0,1.62,3.12,4.0,4.0,3.12,3.12,1.75,3.5,1.0,3.75
11-2021,Marketing Managers,0.01,3.88,3.88,3.62,3.5,3.88,1.0,1.0,1.0,3.0,3.75,3.12,2.88,2.62,3.38,2.75,3.75,3.62,1.0,3.38,1.75,3.75,1.88,1.88,3.88,1.0,1.75,3.12,3.88,3.88,3.25,3.5,1.75,3.5,1.0,3.25
11-2022,Sales Managers,0.01,3.75,4.0,3.75,3.75,3.88,1.0,1.0,1.0,3.75,3.88,3.12,3.0,2.75,3.88,3.0,3.88,4.0,1.75,2.62,1.75,3.88,1.62,1.75,3.88,1.0,1.62,3.62,3.88,4.0,3.62,3.62,1.5,3.75,1.0,3.62
11-2033,Fundraising Managers,0.02,3.38,4.0,3.62,3.75,4.12,1.0,1.0,1.0,2.62,3.75,2.62,3.25,2.62,3.12,3.0,3.12,3.38,1.12,2.0,1.75,4.0,1.88,1.25,3.88,1.0,1.25,3.38,4.0,4.12,3.12,3.0,1.75,3.5,1.0,3.88
11-3012,Administrative Services Managers,0.73,3.12,4.0,3.25,3.75,3.75,1.0,1.12,1.0,3.0,3.25,3.0,2.88,2.88,3.38,2.25,3.38,3.62,1.62,2.75,2.25,3.0,1.38,2.25,4.0,1.0,1.0,3.25,3.25,3.88,3.12,2.75,1.5,4.0,1.88,3.75
11-3013,Facilities Managers,0.73,3.37,3.94,3.69,3.75,4.0,2.06,2.12,1.06,3.32,3.81,3.19,3.06,3.0,3.62,2.62,3.88,3.19,2.12,2.06,2.56,3.25,1.62,2.69,3.94,2.0,1.44,3.19,3.81,3.94,3.12,3.19,1.62,3.44,2.31,3.5
11-3021,Computer and Information Systems Managers,0.04,3.38,4.0,3.75,3.75,4.12,1.38,1.88,1.0,3.12,3.88,3.25,3.0,2.75,3.62,3.12,3.88,3.0,2.0,3.12,2.88,3.12,2.75,2.75,4.0,1.5,1.75,2.88,3.62,3.88,3.62,3.62,2.5,3.38,2.5,3.75
11-3031,Financial Managers,0.07,3.62,3.96,3.83,3.37,4.04,1.0,1.08,1.0,2.92,3.87,2.96,3.29,2.46,3.21,3.54,3.71,3.08,1.08,2.12,1.88,3.17,1.75,1.75,4.04,1.0,1.17,3.08,3.25,3.96,3.21,3.29,1.71,3.42,1.08,3.66
11-3051,Industrial Production Managers,0.03,3.46,3.86,3.62,3.73,3.9,2.17,1.98,1.04,3.25,3.81,3.35,3.08,3.0,3.69,3.17,3.88,3.06,2.98,2.33,3.23,3.14,1.87,3.2,3.9,2.06,2.5,3.04,3.36,3.92,3.4,3.31,1.85,3.64,2.65,3.5
11-3061,Purchasing Managers,0.03,3.25,4.0,3.5,3.75,3.75,1.0,1.0,1.0,3.38,3.75,3.0,3.25,3.25,4.0,3.12,3.88,3.88,1.0,2.62,2.0,3.62,1.88,2.12,3.88,1.0,1.0,3.5,3.88,4.0,3.5,3.12,1.88,3.88,2.0,3.88
11-3071,"Transportation, Storage, and Distribution Managers",0.59,3.68,3.94,3.75,3.88,3.75,1.06,1.06,1.06,3.37,3.75,3.19,2.88,3.38,3.32,2.88,3.88,3.68,1.44,2.31,2.44,3.56,1.68,2.25,3.94,1.0,1.06,3.18,3.5,3.81,3.68,3.69,1.94,3.81,1.75,3.75
11-3111,Compensation and Benefits Managers,0.96,3.75,4.0,3.38,3.12,3.88,1.0,1.0,1.0,3.0,3.88,3.0,3.25,1.88,3.62,3.0,3.38,3.12,1.0,2.75,1.5,3.0,1.75,1.5,4.0,1.0,1.0,3.12,3.5,4.0,3.25,3.25,1.5,3.62,1.0,4.0
11-3121,Human Resources Managers,0.01,4.0,4.38,4.0,4.12,4.0,1.0,1.0,1.0,3.88,4.0,3.75,3.12,2.38,4.25,3.0,4.0,3.88,1.25,2.38,1.5,3.75,2.0,1.62,4.25,1.0,1.5,3.75,4.0,4.25,3.62,3.88,1.5,4.0,1.0,4.12
11-3131,Training and Development Managers,0.01,3.75,4.0,3.62,3.88,3.75,1.0,1.0,1.0,4.0,3.62,4.25,3.62,2.88,3.5,2.88,3.88,3.0,1.0,3.0,1.75,3.62,1.5,2.0,4.0,1.0,1.5,3.62,3.88,4.0,3.12,3.25,1.75,3.5,1.0,3.88
11-9013,"Farmers, Ranchers, and Other Agricultural Managers",0.05,3.38,3.88,3.62,3.5,3.88,2.5,2.38,1.0,2.88,3.5,2.88,3.0,2.88,3.62,2.88,3.38,3.12,2.62,2.12,3.12,3.12,1.88,2.88,3.75,2.38,2.62,2.88,3.38,3.62,3.0,3.0,1.88,3.38,2.5,3.25
11-9021,Construction Managers,0.07,3.88,4.0,4.0,4.0,4.0,1.62,1.62,1.0,3.12,4.12,3.12,3.62,3.38,4.12,3.5,3.88,3.88,2.0,3.0,2.75,3.12,1.5,3.25,3.88,1.62,2.12,3.12,3.5,3.88,3.62,3.5,1.75,4.0,2.25,3.75
11-9031,"Education and Childcare Administrators, Preschool and Daycare",0.02,3.5,4.0,3.88,4.0,4.0,1.0,1.0,1.0,3.88,3.88,3.62,3.12,3.12,3.75,2.88,4.0,3.62,1.5,1.88,1.75,3.38,1.5,2.0,4.0,1.0,1.5,3.88,3.88,4.0,3.12,3.12,1.62,3.75,1.88,3.75
11-9032,"Education Administrators, Kindergarten through Secondary",0.0,4.0,4.75,4.12,4.0,4.5,1.0,1.12,1.0,4.0,4.62,4.62,3.62,3.25,4.12,3.0,4.25,4.0,1.38,2.75,2.0,3.75,1.62,3.0,4.5,1.0,1.88,3.88,4.25,4.88,3.75,4.12,1.75,3.88,1.62,4.5
11-9033,"Education Administrators, Postsecondary",0.01,3.88,4.0,3.88,3.62,4.12,1.0,1.0,1.0,4.0,3.88,3.75,3.12,2.88,3.75,2.88,4.0,3.62,1.0,1.62,2.0,3.62,1.38,1.38,4.12,1.0,1.5,3.5,3.75,4.0,3.25,3.25,1.62,4.0,1.0,4.0
11-9041,Architectural and Engineering Managers,0.02,3.56,3.75,3.81,3.5,3.75,1.44,1.62,1.06,3.12,3.75,3.06,2.44,2.44,3.18,3.5,3.5,3.0,1.88,2.38,2.75,3.06,1.94,3.06,3.87,1.38,2.87,3.06,3.19,3.81,3.37,3.25,2.0,3.56,2.0,3.81
11-9051,Food Service Managers,0.08,3.12,3.88,3.0,3.88,3.62,1.88,1.75,1.0,3.12,3.12,3.12,3.0,3.0,3.88,2.88,3.88,3.12,2.0,2.5,2.62,3.0,1.5,2.88,3.75,1.75,1.62,3.75,3.62,3.88,3.0,3.0,1.25,3.5,2.0,3.0
11-9071,Gambling Managers,0.09,3.5,3.75,3.75,3.75,4.0,1.0,1.0,1.0,3.5,3.75,3.25,2.62,2.75,4.0,3.12,3.88,3.25,1.38,2.0,2.12,3.5,1.75,2.62,3.5,1.0,1.62,3.75,3.75,3.88,3.12,3.12,1.5,3.75,1.75,3.62
11-9072,"Entertainment and Recreation Managers, Except Gambling",0.25,3.38,3.88,3.25,3.75,3.75,1.0,1.0,1.0,3.5,3.62,3.12,2.88,2.75,3.12,2.38,3.5,3.12,1.62,1.88,2.12,3.12,1.25,2.0,3.75,1.0,1.25,3.75,3.75,3.88,2.75,3.12,1.38,3.5,1.5,3.62
11-9081,Lodging Managers,0.0,3.75,4.12,3.75,3.88,3.75,1.38,1.38,1.0,3.75,3.75,3.38,2.88,3.0,4.0,2.62,3.75,3.88,2.12,1.75,2.38,3.75,1.62,2.62,3.88,1.38,1.0,4.12,4.0,4.0,3.12,3.38,1.88,3.75,1.88,3.88
11-9111,Medical and Health Services Managers,0.01,3.88,4.0,4.0,3.88,4.12,1.0,1.0,1.0,3.88,4.0,3.25,3.25,3.25,4.0,2.75,4.0,3.88,1.0,3.62,2.0,3.88,2.0,2.12,4.0,1.0,2.5,3.75,4.0,4.12,3.62,3.75,2.0,4.0,1.62,4.0
11-9121,Natural Sciences Managers,0.02,3.38,4.0,3.75,3.5,3.92,1.0,1.08,1.0,3.12,3.75,3.25,2.37,2.54,3.29,3.08,3.62,3.0,1.75,2.58,2.25,3.12,1.79,2.29,4.0,1.0,3.37,3.0,3.33,3.92,3.25,3.21,2.04,3.5,1.75,3.96
11-9131,Postmasters and Mail Superintendents,0.75,3.25,4.0,3.12,4.0,3.75,1.0,1.0,1.0,3.25,3.25,3.38,2.75,2.75,3.88,2.75,3.75,3.62,1.62,2.5,2.5,3.25,1.75,2.25,4.0,1.0,1.5,3.38,4.0,4.0,3.0,2.88,1.88,4.0,2.0,3.25
11-9141,"Property, Real Estate, and Community Association Managers",0.81,3.0,3.75,3.12,3.62,3.5,1.0,1.12,1.0,2.75,3.12,2.75,3.0,2.88,3.12,3.0,3.12,3.5,1.5,2.12,1.75,3.25,1.5,2.0,3.88,1.0,1.38,3.0,3.25,4.0,2.12,2.12,1.25,3.0,1.62,3.62
11-9151,Social and Community Service Managers,0.01,3.88,3.88,3.88,3.88,3.88,1.0,1.0,1.0,3.5,3.88,3.62,2.62,2.38,3.88,2.62,3.88,3.25,2.0,2.62,2.12,3.25,1.75,2.0,3.75,1.0,2.25,4.0,4.0,3.75,3.75,3.75,1.88,3.88,1.5,3.75
11-9161,Emergency Management Directors,0.0,3.75,4.0,4.12,4.0,4.0,1.0,1.0,1.0,3.75,4.0,3.88,2.62,2.75,3.5,3.0,4.0,3.38,1.75,3.12,2.12,3.62,1.5,2.25,4.0,1.0,1.88,4.25,4.0,4.12,3.62,3.5,1.5,3.75,1.5,4.0
11-9179,"Personal Service Managers, All Other",0.25,3.44,3.75,3.25,3.88,3.75,1.25,1.63,1.0,3.44,3.5,3.38,2.94,2.94,3.69,2.44,3.69,3.12,1.81,1.81,2.18,3.38,1.44,2.38,3.5,1.06,1.43,3.82,3.82,3.94,3.25,3.18,1.94,3.44,1.88,3.31
11-9199,"Managers, All Other",0.25,3.44,3.92,3.6,3.68,3.94,1.21,1.33,1.0,3.25,3.69,3.04,2.56,2.48,3.21,2.81,3.77,3.27,1.81,2.33,2.42,3.39,1.75,2.33,3.98,1.19,1.92,3.02,3.48,3.94,3.36,3.37,1.77,3.44,1.75,3.9
13-1011,"Agents and Business Managers of Artists, Performers, and Athletes",0.24,3.5,4.0,3.38,3.75,3.75,1.0,1.0,1.0,2.88,3.12,2.62,1.88,1.5,2.88,2.12,2.88,4.0,1.25,1.75,1.25,4.0,1.5,1.0,4.0,1.0,1.62,3.0,3.88,4.0,2.5,2.5,1.38,3.75,1.0,3.62
13-1021,"Buyers and Purchasing Agents, Farm Products",0.87,3.12,3.75,3.25,3.12,3.88,1.0,1.0,1.0,2.5,3.38,2.5,2.75,2.88,3.0,3.0,3.12,3.38,1.88,1.88,2.25,3.38,1.5,2.25,3.38,1.12,1.62,3.0,3.12,3.88,3.0,2.62,1.75,3.12,1.62,3.12
13-1022,"Wholesale and Retail Buyers, Except Farm Products",0.29,3.38,3.75,3.25,3.12,3.75,1.0,1.0,1.0,3.0,3.38,2.88,3.25,2.88,2.75,3.12,3.12,4.0,1.38,2.12,1.75,3.75,1.75,2.25,3.25,1.0,1.75,3.12,3.25,3.75,2.62,3.0,1.62,3.0,1.0,3.0
13-1023,"Purchasing Agents, Except Wholesale, Retail, and Farm Products",0.77,3.88,4.0,4.0,3.0,3.88,1.0,1.0,1.0,3.25,3.88,3.0,3.75,3.25,3.12,3.0,3.75,4.25,1.0,2.5,2.0,3.75,1.5,2.38,4.12,1.0,1.12,3.12,3.25,4.0,2.88,3.0,1.75,3.25,1.62,4.0
13-1031,"Claims Adjusters, Examiners, and Investigators",0.98,3.25,4.0,3.5,3.25,4.0,1.0,1.12,1.0,2.5,3.75,2.5,2.12,1.75,2.75,2.88,3.38,3.12,1.12,1.5,1.88,2.88,2.12,2.62,4.12,1.0,1.38,3.12,3.38,3.88,3.0,2.88,1.75,3.0,1.62,3.62
13-1032,"Insurance Appraisers, Auto Damage",0.98,2.88,3.5,2.88,2.88,3.38,1.5,1.5,1.0,2.25,3.12,2.12,2.0,1.5,2.38,2.62,2.5,2.88,2.0,1.88,2.38,2.88,1.25,2.38,3.5,1.62,1.12,3.0,3.0,3.75,2.38,2.38,1.38,3.25,2.12,3.75
13-1041,Compliance Officers,0.08,3.41,3.98,3.59,3.21,3.89,1.02,1.12,1.0,2.98,3.61,3.02,1.84,1.91,2.68,2.66,3.38,2.96,1.71,1.89,2.3,2.96,1.73,2.25,3.98,1.0,1.95,3.09,3.45,3.95,3.12,3.0,1.66,3.16,1.41,3.84
13-1051,Cost Estimators,0.57,3.25,3.75,3.38,3.12,3.75,1.0,1.12,1.0,2.75,3.62,2.88,3.12,2.75,2.5,4.0,3.0,3.0,1.0,2.5,1.5,3.0,1.5,1.38,4.0,1.0,1.38,2.75,3.12,3.88,3.0,3.0,1.5,3.0,1.0,3.5
13-1074,Farm Labor Contractors,0.97,2.38,3.38,2.75,3.0,3.0,1.0,1.12,1.0,2.62,3.0,2.25,1.88,1.88,3.25,2.12,2.75,2.75,2.5,1.25,2.38,2.62,1.38,1.75,2.75,1.0,1.25,2.62,3.0,3.5,2.12,1.88,1.0,3.12,1.75,2.75
13-1081,Logisticians,0.01,3.54,3.92,3.92,3.38,3.96,1.04,1.29,1.0,3.0,3.75,2.96,2.71,2.75,3.08,3.33,3.67,3.0,1.29,3.0,2.21,3.04,2.21,2.42,3.96,1.04,2.04,3.08,3.21,3.84,3.96,3.71,2.08,3.5,1.54,3.63
13-1111,Management Analysts,0.13,3.25,4.12,4.0,3.88,4.12,1.0,1.12,1.0,3.25,4.0,3.0,2.25,2.25,3.0,3.0,3.88,3.12,1.38,3.0,1.75,3.5,1.88,1.75,4.12,1.0,1.88,3.25,3.88,4.0,3.75,3.88,2.12,3.25,1.25,4.0
13-1121,"Meeting, Convention, and Event Planners",0.04,3.38,4.0,3.62,3.88,3.88,1.62,1.75,1.0,3.0,3.62,2.38,3.0,2.88,3.25,2.5,3.5,3.38,2.0,2.75,2.0,3.5,1.38,2.25,4.0,1.75,1.25,3.88,3.88,4.0,3.25,3.12,1.75,3.75,1.75,3.5
13-1141,"Compensation, Benefits, and Job Analysis Specialists",0.47,3.38,3.88,3.12,3.0,3.75,1.0,1.0,1.0,2.88,3.12,2.88,2.0,1.75,2.88,3.12,3.12,3.0,1.0,2.5,1.5,3.0,1.62,1.38,3.88,1.0,1.88,3.0,3.0,3.88,3.12,3.12,1.5,3.0,1.0,3.38
13-1151,Training and Development Specialists,0.01,3.88,4.0,3.25,3.75,3.88,1.0,1.12,1.0,4.38,3.88,4.12,2.25,2.25,3.12,2.38,3.88,3.12,1.12,3.12,2.0,3.12,1.5,1.88,3.88,1.0,1.62,3.62,4.0,4.38,3.12,3.38,1.88,3.62,1.0,3.88
13-1161,Market Research Analysts and Marketing Specialists,0.61,3.62,3.82,3.88,3.12,3.88,1.0,1.0,1.0,2.94,3.68,2.94,1.94,1.88,2.68,3.0,3.32,2.81,1.0,2.5,2.0,3.18,2.44,1.75,3.94,1.0,1.75,2.94,3.06,3.75,3.25,3.25,2.0,3.06,1.06,3.75
13-1199,"Business Operations Specialists, All Other",0.23,3.34,3.9,3.62,3.44,3.88,1.1,1.34,1.22,2.97,3.72,2.94,2.5,2.41,2.9,2.82,3.46,3.09,1.4,2.56,2.16,3.25,2.03,2.25,3.88,1.16,1.5,3.19,3.28,3.88,3.34,3.37,1.88,3.13,1.56,3.75
13-2011,Accountants and Auditors,0.94,3.12,3.75,3.38,3.25,3.75,1.0,1.25,1.12,2.75,3.5,2.75,2.25,1.88,2.75,3.25,3.38,2.88,1.38,1.62,1.75,3.0,2.0,1.88,3.88,1.0,1.25,3.12,3.12,3.75,2.88,2.88,1.75,3.12,1.0,3.5
13-2022,Appraisers of Personal and Business Property,0.9,3.12,3.38,3.0,2.75,3.62,1.12,1.0,1.0,2.25,3.0,2.5,1.88,2.0,2.12,2.88,2.88,2.88,1.25,1.5,1.88,2.88,1.62,2.12,3.88,1.12,1.38,2.88,2.88,3.38,2.5,2.5,1.25,3.0,1.62,3.5
13-2023,Appraisers and Assessors of Real Estate,0.9,2.75,3.5,3.12,2.88,3.5,1.12,1.12,1.0,2.5,3.0,2.38,1.62,1.62,2.0,2.62,2.88,2.62,1.88,1.75,1.88,2.75,1.62,2.12,3.62,1.12,1.12,2.75,2.75,3.38,2.5,2.5,1.38,2.75,1.62,3.38
13-2031,Budget Analysts,0.94,3.25,3.75,3.75,2.88,3.88,1.0,1.0,1.0,2.62,3.75,2.5,3.38,2.0,2.38,3.88,3.12,2.62,1.0,2.25,1.88,2.62,1.75,1.12,3.75,1.0,1.25,2.5,3.0,3.75,3.12,3.0,1.75,3.0,1.0,3.12
13-2041,Credit Analysts,0.98,3.62,3.5,3.0,2.62,3.88,1.0,1.0,1.0,2.12,3.12,2.38,2.0,1.75,2.0,3.38,3.0,2.38,1.25,2.5,1.75,2.38,1.62,1.62,3.62,1.0,1.38,3.0,3.0,3.62,2.75,2.75,1.0,3.0,1.0,3.12
13-2052,Personal Financial Advisors,0.58,3.25,4.12,3.62,3.0,3.75,1.0,1.0,1.0,3.0,3.62,3.0,2.88,1.88,2.12,3.62,3.12,3.0,1.0,2.5,1.62,3.38,1.62,1.75,4.12,1.0,1.38,3.62,3.62,4.0,3.38,3.38,1.5,3.0,1.0,3.88
13-2053,Insurance Underwriters,0.99,3.12,3.75,3.12,3.0,3.75,1.0,1.0,1.0,2.75,3.5,2.75,2.0,2.0,2.38,2.88,3.0,2.75,1.0,1.88,1.88,2.88,1.5,1.12,3.75,1.0,1.38,3.0,3.0,3.62,2.75,2.75,1.62,2.88,1.0,3.75
13-2061,Financial Examiners,0.17,3.62,4.0,3.88,3.62,4.12,1.0,1.0,1.0,3.38,3.88,3.38,1.75,1.62,3.5,3.62,3.88,2.88,1.25,2.88,1.75,2.88,1.62,2.0,4.12,1.0,1.25,3.0,3.62,4.0,3.62,3.62,1.38,3.5,1.0,4.0
13-2071,Credit Counselors,0.04,3.62,3.88,3.5,3.12,3.75,1.0,1.0,1.0,2.88,3.5,3.12,1.62,1.12,2.12,3.12,3.0,3.25,1.0,1.88,1.0,3.38,1.5,1.25,3.88,1.0,1.0,3.62,3.12,4.0,2.88,3.0,1.75,3.12,1.0,3.75
13-2072,Loan Officers,0.98,3.12,4.0,3.25,2.88,3.75,1.0,1.0,1.0,2.88,3.88,2.75,2.12,2.0,2.62,3.25,2.88,2.88,1.25,1.75,1.88,2.88,1.62,1.5,3.88,1.0,1.0,3.0,3.25,4.0,2.62,2.25,1.88,3.12,1.0,3.38
13-2081,"Tax Examiners and Collectors, and Revenue Agents",0.93,3.25,4.0,3.0,3.0,3.88,1.0,1.0,1.12,2.88,3.12,2.88,1.88,1.62,2.25,3.25,3.25,3.0,1.38,1.75,1.75,2.88,1.62,2.0,4.0,1.0,1.0,2.88,3.0,4.0,2.5,2.5,1.5,3.0,1.0,3.25
13-2082,Tax Preparers,0.99,3.12,3.88,2.88,2.75,3.5,1.0,1.0,1.0,2.75,3.0,2.75,1.75,1.5,2.0,3.0,3.0,2.5,1.0,1.75,1.12,2.62,1.5,1.62,4.0,1.0,1.0,3.0,2.88,3.12,2.38,2.0,1.38,3.12,1.0,3.0
13-2099,"Financial Specialists, All Other",0.33,3.75,3.94,3.94,3.31,4.06,1.0,1.0,1.0,3.0,3.82,2.94,2.44,2.0,2.81,3.69,3.06,3.0,1.31,1.62,1.94,3.18,2.18,1.38,4.0,1.0,1.44,2.94,3.19,3.88,3.0,2.94,1.63,3.06,1.06,3.81
15-1211,Computer Systems Analysts,0.01,3.68,3.88,3.75,3.31,3.88,1.44,2.0,1.5,3.13,3.75,3.44,2.12,2.0,3.0,3.0,3.5,2.75,2.06,2.88,2.75,2.88,3.06,2.88,4.13,1.44,2.18,3.06,3.12,4.0,3.75,3.75,2.82,3.25,2.62,3.69
15-1221,Computer and Information Research Scientists,0.02,3.5,3.75,4.0,3.0,4.0,1.12,1.88,1.0,3.0,4.0,3.0,2.5,2.25,2.88,3.38,3.12,2.5,2.0,3.12,2.62,2.75,3.62,2.38,3.75,1.12,3.12,2.75,3.0,3.5,3.75,3.62,3.12,3.38,2.38,3.38
15-1242,Database Administrators,0.03,3.5,3.75,3.88,3.0,3.88,1.0,1.5,1.38,3.0,3.75,3.0,1.75,1.88,2.75,3.0,3.25,2.0,1.5,3.12,2.75,2.62,3.38,2.5,3.75,1.12,2.0,2.88,2.88,3.38,3.12,3.12,2.38,2.88,2.5,3.25
15-1244,Network and Computer Systems Administrators,0.03,3.12,3.75,3.75,3.0,3.88,3.0,2.88,2.38,2.88,3.88,2.75,2.0,2.75,3.0,3.0,3.75,2.5,3.0,3.12,3.38,2.75,3.62,3.25,3.88,3.0,2.25,3.0,3.0,3.38,3.88,3.75,2.75,3.12,3.75,3.12
15-1251,Computer Programmers,0.48,3.12,3.75,3.75,3.0,3.75,1.0,1.0,1.25,2.5,3.25,2.38,2.0,2.0,2.62,3.12,3.0,2.12,1.12,3.12,2.25,2.62,4.75,3.5,3.38,1.0,2.75,2.25,3.12,3.12,3.38,3.12,2.75,3.12,2.25,3.25
15-2011,Actuaries,0.21,3.25,4.0,4.0,3.0,4.25,1.0,1.0,1.0,2.75,4.25,2.88,2.62,2.0,2.88,4.25,3.12,2.75,1.0,3.0,2.0,2.88,2.12,1.88,4.25,1.0,2.0,3.0,3.0,3.88,3.88,4.0,1.88,3.0,1.0,3.5
15-2021,Mathematicians,0.05,4.0,3.38,4.0,2.88,4.12,1.0,1.0,1.0,3.0,3.75,3.25,1.62,1.62,2.0,5.0,3.0,2.0,1.0,2.5,1.38,2.75,2.5,1.5,4.0,1.0,3.62,2.0,2.88,3.25,3.0,3.0,1.62,2.75,1.0,3.62
15-2031,Operations Research Analysts,0.04,3.88,4.0,4.12,3.12,4.0,1.0,1.0,1.0,3.0,3.88,3.0,1.88,1.88,2.62,4.5,2.88,2.12,1.12,3.75,1.88,2.88,2.62,1.88,4.0,1.0,3.25,2.75,2.88,4.0,3.88,3.88,1.75,3.12,1.25,4.0
15-2041,Statisticians,0.22,3.88,3.88,3.94,2.94,4.0,1.0,1.25,1.0,3.0,3.69,3.25,1.82,1.75,2.5,4.75,3.0,2.0,1.06,2.94,1.75,2.62,3.19,1.88,4.0,1.0,3.75,2.5,2.82,3.94,3.06,3.06,1.62,3.0,1.0,3.82
17-1011,"Architects, Except Landscape and Naval",0.02,3.62,3.88,3.75,3.5,4.0,1.0,1.25,1.0,3.0,3.75,3.25,2.75,2.75,3.0,3.5,3.75,3.12,1.88,4.0,2.25,3.12,1.88,3.12,4.0,1.0,2.88,2.88,3.25,4.0,3.5,3.38,2.0,3.0,1.88,3.88
17-1012,Landscape Architects,0.04,3.5,4.12,3.88,3.75,3.88,1.0,1.0,1.0,3.0,3.75,2.88,2.88,2.88,3.0,3.12,3.12,3.12,2.0,3.75,2.0,3.12,1.5,2.5,4.12,1.0,2.75,3.25,3.62,4.12,3.12,3.12,1.75,3.5,1.75,3.62
17-1021,Cartographers and Photogrammetrists,0.88,3.25,3.38,3.12,3.0,3.5,1.38,1.5,1.0,2.75,3.12,2.88,1.62,1.62,2.25,2.88,3.12,2.38,1.38,1.62,1.88,2.38,1.88,2.12,4.0,1.25,1.88,2.75,3.0,3.12,2.88,2.75,1.62,3.0,1.75,3.5
17-1022,Surveyors,0.38,3.32,3.69,3.44,3.25,3.82,1.88,2.06,1.0,3.0,3.44,3.06,1.75,1.82,2.82,4.06,3.19,2.25,2.75,1.88,2.75,2.38,1.88,2.69,3.94,1.88,2.87,2.75,2.88,3.5,3.06,2.94,1.68,3.0,1.88,3.68
17-2011,Aerospace Engineers,0.02,3.62,3.88,3.88,3.25,4.12,1.0,1.25,1.0,3.0,3.75,3.38,1.88,1.75,2.75,3.88,3.75,3.0,1.25,3.88,2.88,3.12,2.12,3.25,4.0,1.0,4.0,2.88,3.0,3.88,3.38,3.5,3.25,3.25,2.0,3.88
17-2021,Agricultural Engineers,0.49,3.25,4.0,3.88,3.12,3.88,1.88,1.88,1.0,3.0,3.88,2.88,2.25,2.0,3.0,3.75,3.25,2.75,2.62,3.0,3.12,2.88,2.0,2.5,4.0,1.88,3.38,2.75,3.12,4.0,3.75,3.88,2.75,3.0,2.12,4.0
17-2031,Bioengineers and Biomedical Engineers,0.04,3.75,4.0,3.88,3.0,3.88,2.12,2.75,2.25,3.12,3.88,3.25,2.12,2.25,3.0,3.88,3.75,2.88,2.0,3.75,2.88,2.75,3.12,3.12,4.0,2.5,3.88,2.88,3.0,4.0,3.62,3.5,3.38,3.12,2.88,4.0
17-2041,Chemical Engineers,0.02,3.88,3.25,4.0,3.0,4.12,1.0,1.88,1.0,3.0,3.88,2.88,2.38,2.5,2.75,3.75,3.12,2.88,2.0,3.62,3.0,2.88,2.25,3.0,4.0,1.0,4.12,2.75,3.0,3.5,3.88,3.88,2.88,3.0,2.88,3.12
17-2051,Civil Engineers,0.02,3.25,3.88,3.88,3.29,3.96,1.17,1.33,1.0,3.04,3.75,3.04,2.63,2.63,3.17,3.88,3.37,3.04,1.83,3.42,2.33,3.04,1.96,2.5,3.96,1.21,3.42,3.0,2.96,3.88,3.79,3.58,2.63,3.79,1.87,3.75
17-2061,Computer Hardware Engineers,0.22,3.75,3.88,3.88,3.12,4.0,2.12,2.5,1.88,3.0,3.62,2.88,1.75,1.88,2.62,3.25,3.12,2.25,1.75,3.38,3.0,2.62,2.5,2.88,4.0,2.12,2.88,2.62,2.75,3.88,3.38,3.38,2.62,3.12,2.62,3.88
17-2071,Electrical Engineers,0.1,3.88,3.88,3.88,3.25,4.0,2.0,2.12,1.0,3.0,3.25,3.0,2.38,2.25,3.0,3.38,3.5,2.75,1.38,3.12,2.88,2.88,2.12,3.0,4.0,2.0,3.0,2.75,3.0,3.88,3.25,3.25,2.25,3.0,2.75,4.12
17-2072,"Electronics Engineers, Except Computer",0.02,3.12,3.75,3.69,3.06,3.94,2.44,2.69,1.81,3.0,3.56,2.81,1.94,2.32,2.75,3.06,3.25,2.62,2.56,2.94,2.88,2.88,2.62,2.94,3.81,2.38,2.5,2.82,2.94,3.82,3.5,3.13,2.75,2.88,2.69,3.38
17-2081,Environmental Engineers,0.02,3.75,4.0,3.88,3.75,4.0,1.0,1.0,1.0,3.0,3.88,3.0,2.25,2.25,2.75,3.38,4.0,3.0,2.0,2.5,2.62,3.0,1.62,2.62,4.0,1.0,3.38,2.88,3.0,4.0,3.25,3.25,1.62,3.25,1.62,4.0
17-2111,"Health and Safety Engineers, Except Mining Safety Engineers and Inspectors",0.03,3.56,3.82,3.81,3.06,4.0,1.0,1.5,1.0,3.25,3.81,3.18,2.25,2.32,2.87,3.0,3.25,3.0,2.0,2.75,2.75,3.06,1.75,3.0,4.0,1.0,3.06,3.06,3.12,3.81,3.75,3.69,2.44,3.25,2.38,3.82
17-2112,Industrial Engineers,0.03,3.47,3.94,3.91,3.03,3.94,1.5,1.75,1.38,3.0,3.44,3.06,2.19,2.34,2.85,3.47,3.66,2.75,2.15,3.0,2.91,2.88,1.97,2.78,4.03,1.44,3.06,2.88,3.12,3.94,3.34,3.44,2.68,3.16,2.44,3.88
17-2121,Marine Engineers and Naval Architects,0.01,3.5,3.75,4.12,3.38,4.12,2.62,2.25,1.62,2.88,3.75,2.88,2.5,2.62,3.0,3.62,3.38,2.62,3.0,3.0,3.5,2.75,2.25,3.38,3.88,2.5,3.5,2.88,3.0,3.75,3.38,3.38,2.5,3.5,2.88,3.75
17-2131,Materials Engineers,0.02,3.25,4.0,4.0,3.0,3.88,1.5,2.0,1.0,3.12,3.25,3.0,2.12,2.62,3.0,3.75,3.12,3.0,2.25,3.12,3.0,3.0,1.88,3.12,4.0,1.5,4.0,3.12,3.0,3.75,3.12,3.0,2.62,3.0,2.25,3.75
17-2141,Mechanical Engineers,0.01,3.5,3.75,3.71,3.17,4.0,1.75,2.25,1.54,2.96,3.75,2.96,2.08,2.29,2.79,3.71,3.33,2.75,2.54,3.42,3.04,2.87,2.54,3.08,3.96,1.75,3.58,2.79,2.92,3.67,3.58,3.58,3.04,3.08,2.63,3.67
17-2151,"Mining and Geological Engineers, Including Mining Safety Engineers",0.14,3.5,3.88,4.12,3.5,4.0,1.0,2.25,1.0,3.12,4.0,3.12,2.88,3.0,3.0,3.75,3.75,2.88,2.0,3.12,3.0,2.88,2.62,2.88,4.0,1.0,3.5,2.62,2.88,4.0,3.75,3.75,2.5,3.38,1.88,4.0
17-2161,Nuclear Engineers,0.07,3.88,4.0,4.0,3.62,4.12,1.62,1.75,1.0,3.0,4.0,3.0,2.12,2.12,2.75,4.0,4.0,3.0,2.25,3.75,3.62,3.12,1.88,3.25,4.0,1.62,4.12,2.88,2.88,3.75,3.75,3.75,2.88,3.5,3.12,4.0
17-2171,Petroleum Engineers,0.16,3.75,3.88,3.88,3.62,4.0,1.12,1.88,1.75,3.0,3.88,3.0,2.5,2.75,2.88,3.25,3.75,2.88,2.12,2.25,2.88,3.0,1.88,2.62,4.0,1.0,3.38,3.0,3.62,3.88,3.88,3.88,2.25,3.62,2.25,3.88
17-2199,"Engineers, All Other",0.01,3.48,3.77,3.76,3.05,3.97,1.89,2.2,1.34,2.98,3.63,3.03,2.14,2.17,2.8,3.58,3.45,2.8,2.55,3.16,2.98,2.92,2.39,2.97,3.92,1.88,3.44,2.77,3.0,3.62,3.45,3.31,2.75,3.12,2.45,3.77
17-3011,Architectural and Civil Drafters,0.52,3.38,3.25,3.5,3.12,3.38,1.25,1.62,1.25,3.12,3.12,3.0,1.88,1.88,2.62,3.25,3.25,2.75,1.5,2.25,2.38,2.75,2.38,2.5,3.62,1.25,2.5,2.88,3.0,3.12,3.5,2.75,2.25,3.25,2.0,3.38
17-3012,Electrical and Electronics Drafters,0.81,3.25,3.62,3.38,3.0,3.5,1.25,1.62,1.25,2.75,3.5,2.62,1.88,1.88,2.5,2.75,3.0,2.5,1.5,2.62,2.25,2.62,2.12,2.88,3.38,1.12,1.88,2.75,2.88,3.25,2.88,2.88,2.25,3.12,2.38,3.5
17-3013,Mechanical Drafters,0.68,3.25,3.25,3.12,3.0,3.25,1.0,1.25,1.0,3.0,3.0,2.88,2.0,2.0,2.25,3.25,3.0,2.25,1.5,3.0,2.12,2.38,2.25,2.75,3.25,1.0,1.88,2.38,3.0,3.12,2.88,2.88,2.38,2.88,2.0,3.0
17-3021,Aerospace Engineering and Operations Technologists and Technicians,0.48,3.0,3.62,3.5,2.88,3.88,2.88,2.62,2.12,2.75,3.25,2.88,2.12,2.12,2.38,3.0,3.12,2.5,3.0,2.75,3.75,2.62,2.12,3.75,3.75,3.0,3.12,2.62,2.88,3.62,3.0,3.0,2.12,3.12,3.25,3.12
17-3022,Civil Engineering Technologists and Technicians,0.75,2.88,3.75,3.12,3.0,3.88,1.0,1.12,1.0,2.38,3.12,2.25,2.12,2.12,2.25,3.62,3.25,2.5,2.12,2.62,2.38,2.5,1.88,2.12,3.75,1.0,2.75,2.75,2.88,3.38,2.88,2.75,1.75,2.88,1.75,3.25
17-3023,Electrical and Electronic Engineering Technologists and Technicians,0.84,3.12,3.62,3.38,3.0,3.75,3.0,2.62,2.0,2.62,3.12,2.62,2.12,2.12,2.62,2.75,3.12,2.25,2.5,2.0,3.0,2.5,1.88,2.88,3.88,3.5,1.75,2.88,2.88,3.25,3.12,2.88,2.0,2.88,3.5,3.25
17-3024,Electro-Mechanical and Mechatronics Technologists and Technicians,0.81,3.12,3.44,3.5,3.0,3.75,3.5,3.12,3.12,2.88,3.25,2.94,1.75,1.88,2.62,2.94,3.44,2.19,3.44,2.25,3.88,2.25,2.69,3.62,3.56,3.88,2.75,2.56,2.88,3.18,3.12,3.12,2.44,3.06,3.94,3.18
17-3025,Environmental Engineering Technologists and Technicians,0.25,3.75,3.88,3.12,3.0,3.88,2.38,2.5,1.0,2.88,3.25,3.0,2.12,2.38,3.0,3.0,3.38,2.88,2.88,2.75,3.0,2.88,2.12,3.12,3.88,2.38,3.38,2.75,3.0,3.38,3.0,2.88,2.0,3.12,2.75,3.12
17-3026,Industrial Engineering Technologists and Technicians,0.03,3.19,3.75,3.68,3.06,3.94,2.62,2.31,1.0,2.94,3.25,2.88,1.82,2.18,2.5,3.25,3.38,2.44,2.44,2.56,3.0,2.63,2.13,3.12,4.06,3.0,3.25,2.56,2.82,3.32,3.38,3.12,2.62,3.06,2.62,3.44
17-3027,Mechanical Engineering Technologists and Technicians,0.38,3.06,3.5,3.44,3.0,3.62,2.81,2.82,1.88,2.56,3.25,2.56,1.82,2.06,2.5,3.18,3.12,2.56,2.94,2.44,3.38,2.69,2.06,3.25,3.68,2.87,2.81,2.69,3.0,3.56,2.94,3.0,2.19,3.0,2.94,3.38
17-3031,Surveying and Mapping Technicians,0.96,3.0,3.12,3.12,3.0,3.38,1.0,1.25,1.0,2.62,2.88,2.5,1.62,1.88,2.62,3.25,3.12,2.38,2.5,2.0,2.38,2.88,2.25,2.25,3.88,1.12,1.62,2.88,2.88,3.12,2.62,2.62,1.75,2.88,1.75,3.25
19-1011,Animal Scientists,0.06,3.88,3.88,4.0,3.12,4.0,1.12,1.12,1.0,3.0,4.0,3.25,2.0,2.25,3.0,3.38,3.75,3.0,1.88,2.75,2.5,3.0,2.0,2.75,4.12,1.0,4.0,3.0,3.12,3.88,3.75,3.25,1.88,3.25,1.88,4.0
19-1012,Food Scientists and Technologists,0.08,4.0,3.88,3.88,3.12,4.0,1.0,1.88,1.0,3.0,3.88,3.0,1.88,2.0,2.62,3.12,3.62,3.12,2.25,2.62,2.88,3.12,1.5,3.38,4.0,1.0,3.88,3.0,3.25,3.88,3.62,3.62,1.88,3.12,2.0,3.88
19-1013,Soil and Plant Scientists,0.02,4.0,3.88,3.88,3.0,4.0,1.0,1.0,1.0,3.12,3.75,3.25,2.0,2.0,2.75,3.25,3.25,2.75,2.25,3.0,2.75,2.88,2.12,3.0,4.0,1.0,4.0,2.88,3.0,4.0,3.5,3.5,1.75,2.88,1.75,3.88
19-1021,Biochemists and Biophysicists,0.03,4.12,4.12,4.12,3.0,4.25,1.88,2.25,1.12,3.62,4.0,4.0,1.88,2.0,3.0,3.88,3.88,2.5,2.12,3.12,2.75,3.0,2.25,3.0,4.38,1.75,4.75,2.5,3.0,4.12,3.38,3.12,2.12,2.88,1.88,4.25
19-1022,Microbiologists,0.01,3.88,3.88,3.62,3.0,4.0,1.0,1.75,1.0,3.0,3.75,3.62,2.25,2.12,3.0,3.12,3.62,2.62,2.5,2.88,2.75,2.62,1.88,2.88,4.12,1.0,4.62,3.0,3.0,3.88,3.0,2.88,1.88,3.0,2.0,4.0
19-1023,Zoologists and Wildlife Biologists,0.3,3.62,4.0,4.0,3.75,4.0,1.0,1.0,1.0,3.0,4.0,3.0,2.25,2.25,3.0,3.0,3.38,3.12,2.0,2.0,2.75,3.12,1.88,2.12,4.0,1.0,3.88,3.0,3.25,4.0,3.25,3.0,2.0,3.38,1.62,3.88
19-1029,"Biological Scientists, All Other",0.02,3.84,4.0,3.94,3.06,4.06,1.0,1.38,1.0,3.38,3.84,3.47,2.16,2.25,3.0,3.75,3.47,2.81,1.88,2.31,2.44,2.97,2.28,2.53,4.22,1.0,4.31,2.78,3.25,4.0,3.22,3.06,1.94,3.12,1.9,4.06
19-1031,Conservation Scientists,0.02,3.25,3.92,3.45,3.25,3.62,1.29,1.34,1.04,3.04,3.37,2.96,2.04,2.25,2.92,2.63,3.33,2.96,2.29,2.63,2.5,3.0,1.63,2.12,3.88,1.21,2.92,3.21,3.37,3.83,3.04,3.0,1.71,3.08,1.88,3.5
19-1032,Foresters,0.01,3.12,4.0,3.88,3.5,3.88,1.62,2.12,1.0,3.0,3.75,2.88,2.88,3.12,3.12,2.88,3.75,3.25,2.88,2.88,3.0,3.12,1.5,2.5,3.88,1.62,2.75,3.0,3.25,3.88,3.62,3.62,2.12,3.5,2.0,3.75
19-1041,Epidemiologists,0.2,4.0,4.12,4.25,3.75,4.25,1.0,1.12,1.0,3.25,4.25,3.5,2.12,2.0,3.12,3.75,3.62,2.88,1.0,3.0,1.5,3.12,1.62,1.5,4.25,1.0,4.12,3.25,3.88,4.12,4.0,4.0,1.38,3.25,1.0,4.12
19-1042,"Medical Scientists, Except Epidemiologists",0.0,4.12,4.0,3.88,3.0,4.0,1.0,1.62,1.0,3.25,4.0,3.38,1.75,1.88,2.88,3.62,3.62,2.88,1.88,2.88,2.75,2.88,2.0,2.25,4.0,1.0,4.12,3.12,3.0,4.12,3.75,3.25,1.75,3.12,1.75,4.25
19-2011,Astronomers,0.04,4.0,4.0,3.5,3.12,4.12,1.38,1.62,1.0,3.0,3.62,3.75,2.5,2.0,3.0,4.12,3.38,2.62,1.75,2.62,2.0,3.0,2.25,1.75,4.25,1.12,4.25,2.88,3.12,4.0,3.0,3.0,2.0,2.88,1.38,4.12
19-2012,Physicists,0.1,4.0,4.0,3.88,3.0,4.12,1.0,1.88,1.12,3.62,3.75,3.88,2.25,2.12,3.0,4.25,3.25,2.75,1.62,3.12,2.38,3.12,3.38,2.62,4.25,1.0,4.62,3.0,3.25,4.12,3.38,3.38,2.75,3.12,2.0,4.0
19-2021,Atmospheric and Space Scientists,0.67,4.0,4.0,3.88,3.0,4.0,1.0,1.0,1.0,3.0,3.75,3.12,1.75,1.75,2.88,3.38,3.12,2.5,1.12,2.62,2.0,2.88,2.0,1.62,4.12,1.0,4.0,2.88,3.12,4.0,3.12,2.88,1.75,3.0,1.0,3.88
19-2031,Chemists,0.1,3.62,3.75,3.62,3.0,4.0,2.75,2.5,1.0,3.0,3.25,3.0,1.88,2.25,2.75,3.75,3.5,2.12,2.25,2.5,3.0,2.5,2.12,3.25,4.0,2.12,4.12,2.5,3.0,3.88,3.12,3.12,1.62,3.0,2.88,3.75
19-2032,Materials Scientists,0.02,3.75,4.0,4.0,3.0,4.0,1.38,1.38,1.0,2.88,3.62,3.0,2.12,2.12,2.5,3.5,3.12,2.62,2.0,3.12,2.75,3.12,1.88,2.88,4.0,1.38,4.0,2.75,3.0,3.75,3.0,3.12,1.88,3.0,2.0,3.88
19-2041,"Environmental Scientists and Specialists, Including Health",0.03,3.66,3.97,3.84,3.22,3.94,1.0,1.1,1.03,3.03,3.5,3.06,2.18,2.18,2.94,3.22,3.4,2.94,1.53,2.5,2.22,3.03,2.03,2.06,4.06,1.0,3.44,2.97,3.18,3.94,3.47,3.38,1.91,3.16,1.4,3.94
19-2042,"Geoscientists, Except Hydrologists and Geographers",0.63,3.25,3.88,3.88,3.12,4.0,1.0,1.75,1.0,3.0,3.88,3.12,1.75,1.62,2.62,3.38,3.12,2.62,2.0,2.62,2.0,2.88,2.0,2.0,4.12,1.0,4.0,2.62,3.0,4.0,3.25,3.25,1.62,2.88,1.5,3.88
19-2043,Hydrologists,0.01,3.62,3.88,3.75,3.12,4.0,2.12,1.88,2.0,3.0,3.5,3.0,1.75,2.0,2.75,3.75,3.5,2.88,1.88,2.38,2.62,3.0,2.12,2.75,3.88,1.88,3.88,2.88,3.0,3.75,3.38,3.0,1.62,2.88,2.0,3.62
19-2099,"Physical Scientists, All Other",0.43,3.38,3.88,3.75,3.0,4.0,1.0,1.5,1.0,3.0,3.75,3.12,1.75,1.88,2.88,3.75,3.38,2.5,2.0,3.25,2.5,2.62,2.88,2.38,4.0,1.0,3.88,2.88,2.88,3.88,3.62,3.62,2.38,2.88,1.5,3.88
19-3011,Economists,0.43,3.82,4.0,3.68,3.0,4.06,1.0,1.0,1.0,3.25,3.81,3.18,2.37,1.87,2.56,4.06,3.31,2.38,1.0,2.31,1.25,3.0,2.0,1.56,4.06,1.0,2.13,2.88,3.0,3.75,3.25,3.18,1.56,3.0,1.0,4.06
19-3022,Survey Researchers,0.23,3.88,4.25,3.88,3.38,4.25,1.0,1.0,1.0,3.0,3.75,3.25,1.88,2.0,3.0,4.0,3.12,2.88,1.0,2.62,1.75,3.0,2.75,2.25,4.25,1.0,2.88,3.12,3.12,4.25,3.25,3.25,1.88,3.12,1.0,4.25
19-3032,Industrial-Organizational Psychologists,0.01,3.88,4.38,4.0,3.75,4.12,1.0,1.0,1.0,3.62,4.12,3.62,2.12,2.12,3.38,3.5,3.88,3.25,1.0,3.5,2.0,3.75,2.75,2.0,4.38,1.0,3.75,3.38,3.88,4.12,3.88,4.0,1.88,3.62,1.0,4.25
19-3033,Clinical and Counseling Psychologists,0.0,3.88,4.25,3.75,3.5,4.25,1.0,1.0,1.0,3.25,3.75,3.62,1.5,1.5,2.75,2.25,3.75,3.12,1.0,1.62,1.75,3.5,1.62,1.0,4.75,1.0,2.38,3.75,4.38,4.12,3.0,3.0,1.62,3.25,1.0,4.25
19-3034,School Psychologists,0.0,3.62,4.38,3.75,3.62,4.0,1.0,1.0,1.0,3.25,3.88,3.5,1.0,1.0,2.75,2.75,4.0,3.38,1.0,1.75,1.75,3.5,1.75,1.38,4.25,1.0,2.0,3.75,4.0,4.25,3.12,3.12,1.62,3.38,1.0,4.0
19-3039,"Psychologists, All Other",0.0,3.82,4.44,4.06,3.38,4.25,1.0,1.0,1.0,3.38,4.18,3.5,1.88,1.82,2.82,2.81,3.62,3.0,1.06,1.69,1.94,3.32,1.82,1.82,4.31,1.0,3.12,3.68,4.12,4.12,3.18,3.0,1.68,3.25,1.38,4.13
19-3041,Sociologists,0.06,4.0,4.12,3.62,3.12,4.0,1.0,1.0,1.0,3.62,3.62,3.88,1.62,1.75,2.88,2.88,3.5,2.75,1.0,2.38,1.38,2.88,1.75,1.12,4.0,1.0,3.12,3.0,3.88,4.12,3.12,3.12,1.62,3.0,1.0,4.0
19-3051,Urban and Regional Planners,0.13,3.25,4.12,3.75,3.25,4.0,1.0,1.0,1.0,3.0,4.12,3.0,2.5,2.25,3.0,3.0,3.0,3.38,1.38,3.12,1.75,3.12,1.75,1.62,4.0,1.0,2.62,3.25,3.62,4.12,4.0,3.75,1.62,3.25,1.0,3.88
19-3091,Anthropologists and Archeologists,0.01,3.88,4.12,3.75,3.12,4.12,1.0,1.12,1.0,3.25,3.25,3.38,1.88,2.0,3.0,2.75,3.5,2.62,1.5,1.5,1.75,2.88,1.5,1.62,4.12,1.0,3.0,2.75,3.12,4.25,3.0,2.88,1.5,3.0,1.0,4.25
19-3092,Geographers,0.25,3.62,3.75,3.5,3.0,4.0,1.12,1.0,1.0,3.12,3.62,3.12,1.62,1.75,2.5,3.0,3.0,2.75,1.12,2.5,1.62,2.62,1.88,1.38,4.12,1.0,3.38,3.0,3.0,4.0,3.38,3.12,1.75,3.0,1.0,4.12
19-3093,Historians,0.44,4.0,4.0,3.38,3.0,4.12,1.0,1.0,1.0,3.12,3.12,3.25,1.62,1.75,2.5,2.0,3.0,2.5,1.0,2.0,1.38,2.75,1.38,1.62,4.75,1.0,2.62,2.38,3.12,4.0,2.25,2.25,1.5,2.88,1.0,4.12
19-3094,Political Scientists,0.04,4.12,4.12,3.62,3.0,4.0,1.0,1.0,1.0,3.5,3.62,3.5,1.62,1.62,2.12,3.0,2.88,2.75,1.0,2.5,1.38,2.88,1.5,1.38,4.25,1.0,2.62,3.0,3.75,4.12,3.0,3.12,1.5,2.88,1.0,4.0
19-3099,"Social Scientists and Related Workers, All Other",0.04,3.75,4.0,4.0,3.62,4.0,1.0,1.12,1.0,2.88,3.88,3.0,2.12,2.38,2.75,3.38,3.12,3.0,1.62,3.25,1.88,3.0,2.25,1.5,4.0,1.0,2.38,3.0,3.0,4.0,3.5,3.75,1.62,3.25,1.0,4.0
19-4012,Agricultural Technicians,0.97,3.25,3.5,3.13,3.0,3.5,2.25,2.06,1.44,2.88,3.18,2.94,1.82,1.94,2.5,3.06,3.18,2.56,2.82,2.06,2.94,2.62,1.88,2.31,3.63,2.25,2.82,2.68,2.82,3.38,2.87,2.81,1.56,3.0,2.37,3.31
19-4013,Food Science Technicians,0.97,3.0,3.5,3.12,3.12,3.25,2.0,1.62,1.0,3.0,3.0,2.88,1.5,2.0,2.62,2.75,3.12,2.0,2.12,1.38,2.75,2.0,1.38,3.12,3.75,1.75,3.25,2.25,2.88,3.5,2.25,2.38,1.38,3.0,2.12,3.5
19-4021,Biological Technicians,0.3,3.5,3.75,3.25,2.75,3.88,2.12,1.88,1.0,2.38,3.12,2.88,1.88,2.25,2.12,3.0,3.25,1.88,2.62,1.88,3.0,2.0,1.88,2.88,4.0,1.75,3.75,2.25,2.75,3.25,3.0,2.75,1.88,2.88,2.62,3.38
19-4031,Chemical Technicians,0.57,3.38,3.88,3.12,3.0,4.0,2.88,2.75,1.0,3.0,3.12,3.12,1.75,2.25,2.5,3.0,3.88,2.62,3.0,2.5,3.25,2.62,1.5,3.12,4.0,2.75,4.12,2.75,2.88,3.38,3.0,3.12,2.0,3.12,2.88,3.88
19-4042,"Environmental Science and Protection Technicians, Including Health",0.77,3.12,3.88,3.25,3.0,3.75,1.88,1.75,1.0,2.88,3.25,3.0,1.88,2.0,2.38,3.12,3.38,2.75,2.88,2.62,3.0,2.88,1.88,2.75,4.0,1.75,3.38,3.0,3.0,3.88,3.12,3.0,1.5,3.0,2.0,3.88
19-4043,"Geological Technicians, Except Hydrologic Technicians",0.91,2.75,3.12,3.12,3.0,3.5,1.88,2.25,1.0,2.62,3.12,2.62,1.75,2.12,2.5,2.75,3.25,2.38,2.75,1.5,3.0,2.62,1.62,2.25,3.75,2.0,2.62,2.5,2.88,3.0,2.62,2.5,2.0,3.25,2.12,3.25
19-4051,Nuclear Technicians,0.85,3.19,3.75,3.18,3.06,3.75,2.5,2.06,1.19,3.12,3.32,3.0,1.88,1.94,2.56,2.94,3.82,2.68,3.0,1.44,3.82,2.88,1.81,3.31,3.68,2.25,2.94,2.82,3.0,3.38,2.88,2.75,1.75,3.0,3.0,3.18
19-4061,Social Science Research Assistants,0.65,3.12,3.75,3.38,2.88,3.75,1.0,1.38,1.0,2.62,3.12,3.0,1.75,2.0,2.38,3.12,2.88,2.38,1.62,2.0,2.12,2.5,2.62,2.5,4.0,1.0,3.25,2.38,2.88,3.38,3.0,2.88,1.75,2.88,1.75,3.75
19-4071,Forest and Conservation Technicians,0.42,3.0,3.75,3.0,3.12,3.75,2.0,2.12,1.25,3.12,3.25,3.0,2.0,2.0,2.88,2.75,3.12,2.25,2.75,1.88,2.88,2.88,2.0,2.62,3.38,2.0,2.75,3.0,3.12,3.25,3.0,2.75,2.0,3.25,2.0,3.0
19-4092,Forensic Science Technicians,0.01,3.38,4.0,3.62,3.12,4.0,1.62,2.0,1.0,2.75,3.25,3.0,1.38,1.5,2.62,2.75,3.25,2.38,2.62,1.62,2.75,2.75,1.5,2.5,4.0,1.5,3.25,3.0,3.25,4.0,3.0,3.0,1.38,3.0,2.0,4.0
19-4099,"Life, Physical, and Social Science Technicians, All Other",0.61,3.06,3.38,3.32,2.94,3.5,2.12,2.0,1.31,2.62,3.19,2.75,1.69,1.93,2.25,3.25,3.56,2.44,2.56,2.0,3.0,2.38,2.25,3.44,3.62,1.88,2.68,2.62,2.94,3.31,3.19,2.88,1.75,2.94,2.69,3.25
19-5011,Occupational Health and Safety Specialists,0.17,3.38,4.0,3.75,3.0,3.75,1.38,2.0,1.0,3.25,3.75,3.0,2.0,2.0,2.5,3.0,3.62,2.88,2.0,3.0,3.0,3.12,1.88,3.12,4.0,1.38,2.75,3.0,3.75,4.0,3.75,3.75,1.88,3.0,2.0,4.0
19-5012,Occupational Health and Safety Technicians,0.25,3.12,4.0,3.25,3.0,3.88,1.0,1.0,1.0,3.0,3.25,3.0,2.0,2.0,2.62,2.75,3.25,3.12,2.62,2.12,2.88,3.12,1.88,2.88,3.88,1.12,2.75,3.0,3.12,3.88,3.12,3.0,1.88,3.0,2.0,3.75
21-1011,Substance Abuse and Behavioral Disorder Counselors,0.03,3.75,4.25,3.5,3.5,4.12,1.0,1.0,1.0,3.38,3.88,3.25,2.0,2.0,3.0,2.0,4.0,3.25,1.62,2.0,2.0,3.88,1.75,2.0,4.0,1.0,2.0,3.88,4.12,4.25,3.25,3.25,1.75,3.0,1.5,4.0
21-1012,"Educational, Guidance, and Career Counselors and Advisors",0.01,3.75,4.38,3.75,3.62,3.88,1.0,1.0,1.0,3.62,3.62,3.75,1.5,1.5,2.88,2.25,3.75,3.38,1.0,1.38,1.5,3.62,1.5,1.5,3.88,1.0,1.5,4.0,4.12,4.12,3.0,3.0,1.38,3.12,1.25,3.88
21-1013,Marriage and Family Therapists,0.01,3.75,4.88,4.0,3.5,3.88,1.0,1.0,1.0,3.5,4.0,3.12,1.38,1.25,3.0,1.88,3.62,3.62,1.12,2.75,1.5,3.62,1.25,1.25,4.0,1.0,2.5,4.0,4.38,4.25,3.12,3.25,1.5,3.12,1.0,4.0
21-1014,Mental Health Counselors,0.0,3.75,5.0,3.75,3.0,4.0,1.0,1.0,1.0,3.0,4.0,3.12,1.62,1.5,2.75,2.0,3.75,3.0,1.0,2.5,1.62,3.62,1.62,1.5,4.12,1.0,2.75,3.88,5.0,4.25,3.0,3.0,1.5,3.0,1.0,4.12
21-1015,Rehabilitation Counselors,0.01,3.12,4.0,3.12,3.62,3.62,1.0,1.0,1.0,3.12,3.38,3.12,1.5,1.38,2.75,2.0,3.88,3.0,1.12,2.88,1.62,3.12,1.5,1.25,3.75,1.0,2.25,4.0,4.0,4.0,3.12,3.12,1.5,3.25,1.0,3.62
21-1021,"Child, Family, and School Social Workers",0.03,3.38,4.88,3.88,3.75,4.12,1.0,1.0,1.0,3.12,4.0,3.12,1.38,1.38,2.88,2.0,3.88,3.75,2.0,2.62,2.12,3.75,1.38,1.75,4.0,1.0,2.25,4.0,4.12,4.5,3.12,2.88,1.5,3.75,1.5,3.75
21-1022,Healthcare Social Workers,0.0,3.75,4.0,3.88,4.0,4.0,1.0,1.0,1.0,3.0,3.62,3.12,1.62,1.75,3.12,2.0,3.25,3.12,1.62,2.88,1.62,3.25,1.62,1.62,4.0,1.0,2.62,4.12,4.25,4.12,2.75,3.12,1.62,3.12,1.0,3.88
21-1023,Mental Health and Substance Abuse Social Workers,0.0,3.25,4.12,3.88,3.88,4.0,1.0,1.0,1.0,3.25,3.5,3.75,1.88,1.88,3.0,2.0,4.0,3.38,1.38,2.5,2.0,3.75,1.88,1.88,4.0,1.0,2.62,3.88,4.25,4.12,3.25,2.88,1.75,3.25,1.0,3.75
21-1091,Health Education Specialists,0.04,3.88,4.12,3.12,3.62,3.75,1.0,1.0,1.0,3.38,3.25,4.0,2.25,2.12,3.0,2.12,3.25,3.0,1.5,3.0,1.88,3.12,1.38,1.38,3.75,1.0,2.5,3.25,3.88,4.12,3.12,3.0,1.75,3.38,1.0,4.12
21-1092,Probation Officers and Correctional Treatment Specialists,0.25,3.38,4.0,3.75,3.12,3.88,1.0,1.0,1.0,3.0,3.62,2.25,1.62,1.62,2.25,1.88,3.75,3.12,2.12,1.75,2.25,3.12,1.62,2.0,3.88,1.0,1.75,3.0,4.0,4.0,2.88,2.75,1.5,3.38,1.62,3.75
21-1093,Social and Human Service Assistants,0.13,3.25,4.0,3.25,3.75,3.62,1.0,1.0,1.0,2.88,3.25,2.88,2.0,2.0,2.25,2.0,3.62,3.0,2.0,2.0,2.0,3.38,1.62,1.88,3.75,1.0,1.75,3.88,4.0,4.0,2.75,2.88,1.75,3.0,1.12,3.62
21-2011,Clergy,0.01,3.75,4.25,3.75,3.75,3.75,1.0,1.0,1.0,4.0,3.88,3.62,2.75,2.75,3.38,1.88,3.5,3.75,1.38,1.75,1.75,3.88,1.5,1.0,3.88,1.0,1.38,4.0,4.12,4.75,2.88,3.0,1.5,3.88,1.0,3.88
21-2021,"Directors, Religious Activities and Education",0.02,3.88,4.0,3.5,3.75,3.88,1.0,1.0,1.0,3.88,3.62,3.75,2.75,2.75,3.0,2.12,3.12,3.0,1.12,2.88,2.0,3.12,1.75,2.0,3.88,1.0,1.38,3.88,4.0,4.12,3.12,2.88,1.88,3.12,1.5,3.25
23-1011,Lawyers,0.04,3.75,4.5,4.12,3.5,4.5,1.0,1.0,1.0,3.12,4.12,3.12,2.0,2.0,2.88,2.0,3.38,4.0,1.0,2.38,1.38,4.0,1.5,1.0,4.5,1.0,1.5,3.12,3.75,4.62,3.38,3.0,1.5,3.62,1.0,4.25
23-1012,Judicial Law Clerks,0.41,3.75,4.25,3.5,3.0,4.25,1.0,1.0,1.0,2.62,3.25,3.0,1.0,1.25,1.75,1.88,3.0,2.75,1.0,1.25,1.25,2.75,1.5,1.75,4.5,1.0,1.0,2.62,3.0,4.0,2.38,2.38,1.62,3.25,1.0,4.12
23-1021,"Administrative Law Judges, Adjudicators, and Hearing Officers",0.64,3.75,4.25,3.88,3.0,4.25,1.0,1.0,1.0,2.75,4.12,3.0,1.75,1.62,2.62,2.12,3.62,3.25,1.0,1.88,1.5,3.0,1.5,1.12,4.25,1.0,1.62,3.0,3.88,4.0,2.75,2.75,1.75,3.25,1.0,4.12
23-1022,"Arbitrators, Mediators, and Conciliators",0.06,3.88,4.38,3.75,3.12,4.0,1.0,1.0,1.0,2.88,3.62,2.88,1.38,1.25,2.0,2.12,2.88,4.62,1.12,1.5,1.38,3.75,1.62,1.0,4.12,1.0,1.25,3.0,3.75,4.12,2.62,2.5,1.25,2.88,1.0,4.25
23-1023,"Judges, Magistrate Judges, and Magistrates",0.4,4.0,5.0,4.12,3.0,4.88,1.0,1.0,1.0,3.0,4.25,2.75,1.62,1.62,2.88,2.12,3.88,3.25,1.0,2.38,1.25,3.0,1.25,1.0,4.25,1.0,1.75,3.0,4.0,4.12,3.0,2.88,1.75,3.38,1.0,4.12
23-2011,Paralegals and Legal Assistants,0.94,3.0,3.88,3.0,2.88,3.25,1.0,1.0,1.0,2.25,3.0,2.25,1.0,1.0,2.0,2.0,3.0,2.75,1.0,1.5,1.75,2.75,1.75,1.0,3.88,1.0,1.38,3.0,3.0,3.62,2.12,2.0,1.62,3.0,1.0,4.0
23-2093,"Title Examiners, Abstractors, and Searchers",0.99,3.0,3.75,3.12,3.0,3.62,1.0,1.0,1.0,2.12,2.75,2.38,1.62,1.62,2.38,2.25,3.0,2.12,1.0,1.62,1.62,2.5,1.25,1.25,4.12,1.0,1.25,2.88,2.88,3.62,2.25,2.12,1.0,3.12,1.0,3.38
25-2011,"Preschool Teachers, Except Special Education",0.01,3.12,3.88,3.0,3.75,3.75,1.0,1.38,1.0,4.0,3.12,3.88,1.5,2.0,2.88,2.0,3.75,2.88,1.0,1.75,1.75,3.0,1.0,2.0,3.75,1.0,1.62,3.62,3.75,4.0,2.5,2.75,1.5,3.0,1.75,3.0
25-2012,"Kindergarten Teachers, Except Special Education",0.15,3.25,4.0,3.38,3.88,3.25,1.0,1.0,1.0,4.12,3.5,4.0,1.12,1.75,3.0,2.25,4.0,3.12,1.0,1.62,1.88,3.25,1.25,1.88,3.88,1.0,1.38,3.62,4.12,4.0,2.88,3.0,1.62,3.75,1.5,3.25
25-2021,"Elementary School Teachers, Except Special Education",0.0,3.75,4.0,3.12,3.88,4.0,1.0,1.5,1.0,4.25,3.75,4.25,1.12,1.75,2.62,2.75,4.0,3.0,1.12,2.12,1.88,3.12,1.75,1.75,3.88,1.0,2.0,3.88,4.0,4.12,3.0,3.0,1.88,3.75,1.0,3.88
25-2022,"Middle School Teachers, Except Special and Career/Technical Education",0.17,3.88,4.0,3.62,3.75,3.75,1.0,1.0,1.0,4.25,3.62,4.25,1.88,2.0,2.88,2.88,3.88,3.0,1.0,1.25,1.88,3.12,1.25,1.75,3.88,1.0,2.0,3.25,3.88,4.12,3.0,3.0,1.75,3.75,1.0,3.88
25-2023,"Career/Technical Education Teachers, Middle School",0.26,3.5,4.0,3.25,3.38,3.88,1.25,1.62,1.0,4.0,3.38,4.0,1.75,2.25,2.62,2.5,3.88,2.75,1.88,2.62,2.0,2.88,1.75,2.0,4.0,1.38,1.88,3.25,3.88,4.12,3.0,3.0,1.75,3.0,1.88,3.62
25-2031,"Secondary School Teachers, Except Special and Career/Technical Education",0.01,3.75,4.0,3.38,3.75,3.88,1.0,1.0,1.0,4.12,3.75,4.0,1.75,2.12,2.75,2.75,3.88,3.0,1.0,1.88,1.62,3.0,1.62,2.0,4.0,1.0,2.0,3.0,3.88,4.0,3.0,3.0,1.62,3.25,1.12,3.62
25-2032,"Career/Technical Education Teachers, Secondary School",0.01,3.88,4.12,3.75,3.88,4.0,2.0,1.88,1.0,4.5,3.75,4.12,1.88,2.12,2.75,3.0,4.0,3.12,2.0,1.75,2.38,3.12,1.62,2.25,4.12,1.88,1.75,3.75,4.0,4.12,2.88,3.0,1.88,3.62,2.12,4.0
25-2057,"Special Education Teachers, Middle School",0.02,4.0,4.0,3.62,3.88,3.75,1.0,1.0,1.0,4.0,3.62,4.0,1.12,1.12,2.88,2.62,3.88,3.0,1.12,1.38,1.38,3.12,1.38,1.25,3.88,1.0,1.88,3.88,4.0,4.0,2.88,2.88,1.62,3.75,1.0,3.88
25-2058,"Special Education Teachers, Secondary School",0.01,3.38,3.88,3.75,3.88,3.75,1.0,1.0,1.0,4.12,3.62,4.12,1.75,1.88,2.88,2.62,3.88,3.0,1.0,1.88,1.88,3.0,1.5,1.62,4.0,1.0,1.88,3.88,3.88,4.0,3.0,3.0,1.75,3.75,1.0,3.88
25-3011,"Adult Basic Education, Adult Secondary Education, and English as a Second Language Instructors",0.19,3.5,3.75,3.12,3.0,3.5,1.0,1.0,1.0,4.25,3.38,3.75,1.12,1.12,2.62,2.62,3.62,3.0,1.0,1.38,1.88,2.88,1.38,1.12,3.75,1.0,1.75,3.38,3.5,3.75,2.88,2.75,1.88,3.25,1.0,3.62
25-3021,Self-Enrichment Teachers,0.13,3.12,3.38,2.88,3.0,3.12,1.0,1.0,1.0,3.38,3.0,3.38,1.25,1.5,2.5,2.0,3.12,2.12,1.62,1.88,1.88,2.62,1.75,2.0,3.12,1.0,1.38,3.0,3.12,3.62,2.25,2.25,1.75,2.88,1.62,3.0
25-4011,Archivists,0.76,3.38,3.88,3.25,2.88,3.38,1.0,1.0,1.0,2.88,3.12,2.88,1.88,2.0,2.5,2.0,3.0,2.5,1.0,2.12,1.75,2.62,1.5,2.12,4.12,1.0,1.88,3.12,2.75,3.5,2.88,2.88,1.62,2.88,1.62,3.88
25-4012,Curators,0.01,3.5,3.88,3.62,3.12,3.75,1.0,1.12,1.12,3.0,3.5,3.25,2.88,3.0,3.0,2.88,3.38,3.0,1.38,2.38,1.75,3.0,1.75,2.38,4.0,1.0,2.0,2.88,3.25,4.0,3.38,3.25,1.75,3.12,1.5,3.88
25-4013,Museum Technicians and Conservators,0.59,3.0,3.88,3.12,3.0,3.25,1.38,1.62,1.38,3.0,3.12,2.88,1.75,2.12,2.25,2.25,3.12,2.5,1.75,1.38,2.5,2.5,1.5,2.38,3.62,1.75,2.38,2.75,2.88,3.62,2.75,2.75,1.88,2.75,1.75,3.25
25-4031,Library Technicians,0.99,2.88,3.25,2.5,3.0,3.0,1.62,1.12,1.0,2.62,2.88,3.0,1.88,2.0,2.75,2.0,2.88,1.75,1.75,1.62,1.88,2.12,1.62,1.5,3.38,1.12,1.25,3.12,3.0,3.25,2.0,2.0,1.38,2.75,1.62,2.88
25-9021,Farm and Home Management Educators,0.01,3.75,4.38,3.75,3.75,3.75,1.0,1.25,1.0,3.88,3.88,3.75,2.62,2.5,2.88,3.0,3.38,3.12,2.25,2.5,2.25,3.5,1.62,1.88,4.0,1.0,2.75,3.62,3.88,4.12,3.62,3.62,1.88,3.38,1.38,3.88
25-9031,Instructional Coordinators,0.0,3.88,4.0,3.88,3.88,3.88,1.0,1.12,1.0,4.12,3.75,4.25,2.25,2.5,3.12,2.75,4.0,3.12,1.0,2.0,1.62,3.25,1.62,1.88,4.0,1.0,1.5,3.62,3.88,4.12,3.25,3.25,1.75,3.62,1.5,4.12
25-9042,"Teaching Assistants, Preschool, Elementary, Middle, and Secondary School, Except Special Education",0.56,3.12,3.75,3.12,3.5,3.38,1.0,1.0,1.0,3.38,2.75,3.38,1.75,2.38,2.38,2.5,3.38,2.88,1.12,1.25,2.0,3.0,1.5,1.62,3.62,1.0,1.38,3.5,3.75,3.62,2.12,2.25,1.62,3.25,1.75,3.38
25-9043,"Teaching Assistants, Special Education",0.56,3.0,3.88,3.0,3.12,3.38,1.12,1.38,1.0,3.5,2.88,3.62,1.12,1.38,2.38,1.88,3.62,2.88,1.38,1.38,1.62,3.12,1.62,1.38,3.62,1.0,1.38,3.62,3.75,3.75,2.25,2.25,1.5,2.75,1.0,3.12
27-1011,Art Directors,0.02,3.25,4.0,3.62,3.62,3.75,1.12,1.12,1.0,3.12,3.75,3.0,2.5,2.38,3.0,2.25,3.25,3.0,1.0,3.38,1.75,3.38,1.5,2.12,3.75,1.12,1.25,3.0,3.25,4.0,3.0,3.0,1.5,3.62,1.12,3.38
27-1012,Craft Artists,0.04,2.75,3.0,2.75,2.5,3.12,1.88,2.0,1.0,1.62,2.88,2.0,2.12,2.38,2.0,2.12,3.0,2.0,2.0,2.62,2.0,2.75,1.38,2.5,3.0,1.88,1.0,2.75,2.88,3.0,2.0,2.0,1.5,2.5,1.88,2.75
27-1013,"Fine Artists, Including Painters, Sculptors, and Illustrators",0.04,3.25,3.12,2.88,2.5,3.25,1.0,2.0,1.0,1.75,3.0,2.38,2.0,1.88,1.75,2.12,2.75,2.0,2.12,2.62,2.38,2.38,1.62,2.38,3.0,1.0,1.0,2.5,2.88,3.0,2.25,2.12,1.62,2.88,1.88,2.88
27-1014,Special Effects Artists and Animators,0.02,3.12,3.88,3.0,2.88,3.75,1.0,1.88,1.0,2.75,3.12,2.88,1.88,1.88,2.38,2.12,3.0,2.62,2.25,2.12,2.0,2.88,2.12,1.75,3.75,1.0,1.12,2.75,2.88,3.25,2.88,2.75,1.88,3.0,1.12,3.12
27-1021,Commercial and Industrial Designers,0.04,3.0,4.0,3.75,3.12,3.75,1.0,1.88,1.0,2.75,3.25,2.75,2.0,2.0,2.75,2.75,3.12,2.88,2.0,3.25,2.38,3.12,1.88,2.75,3.88,1.0,2.62,2.88,3.12,3.5,3.0,3.0,3.12,3.25,1.75,3.12
27-1022,Fashion Designers,0.02,3.75,3.88,3.62,3.75,3.88,1.0,1.5,1.0,3.5,3.75,3.12,2.62,2.75,3.5,2.12,3.5,3.62,1.0,3.25,2.12,3.62,1.38,2.38,3.62,1.0,1.12,3.5,3.75,3.88,3.0,2.88,1.75,3.75,1.75,3.38
27-1023,Floral Designers,0.05,3.0,4.0,2.75,2.88,3.25,1.0,1.62,1.0,2.25,3.12,2.25,2.0,2.75,2.12,2.25,3.0,2.38,1.38,3.0,1.25,2.88,1.38,2.0,2.88,1.0,1.25,3.38,3.38,3.88,2.0,2.0,1.5,3.25,1.0,2.5
27-1024,Graphic Designers,0.08,3.25,3.75,3.12,3.12,3.25,1.0,1.12,1.0,2.75,3.12,2.75,1.88,2.0,2.25,2.0,3.0,3.0,1.12,2.75,2.0,3.0,2.12,1.88,3.12,1.0,1.12,3.0,3.12,3.38,2.88,2.62,2.25,3.12,1.0,3.25
27-1025,Interior Designers,0.02,3.12,4.0,3.62,3.75,4.0,1.0,1.0,1.0,3.0,3.5,2.62,2.75,2.75,2.88,3.0,3.12,3.12,1.75,3.12,2.0,3.5,1.88,2.0,4.0,1.0,1.12,3.75,3.75,4.0,3.0,2.62,1.88,3.38,1.88,3.62
27-1026,Merchandise Displayers and Window Trimmers,0.48,2.88,3.5,2.88,3.0,3.25,1.0,1.38,1.12,2.25,3.12,2.38,1.62,2.0,2.25,2.0,2.75,2.38,1.75,2.38,1.75,2.88,1.5,2.12,3.0,1.0,1.25,2.88,3.0,3.25,2.38,2.25,1.75,3.0,1.62,2.88
27-1027,Set and Exhibit Designers,0.01,3.12,3.88,3.38,3.5,3.75,1.38,1.88,1.5,3.0,3.38,2.88,2.75,2.75,2.88,3.0,3.12,3.0,1.75,3.75,2.0,3.0,1.75,2.25,3.88,1.38,1.75,3.0,3.0,3.75,3.0,2.88,1.88,3.75,1.5,3.25
27-2011,Actors,0.37,2.62,3.75,2.88,2.88,3.0,1.0,1.0,1.0,2.75,2.88,2.75,1.0,1.0,2.38,1.0,3.0,2.5,1.0,1.75,1.25,2.5,1.0,1.0,3.88,1.0,1.5,2.12,3.75,3.88,2.0,2.0,1.25,3.0,1.0,2.88
27-2012,Producers and Directors,0.02,3.38,4.06,3.47,3.78,3.97,1.25,1.56,1.0,2.97,3.78,3.03,2.38,2.5,3.34,2.16,3.82,3.28,2.03,2.31,2.32,3.19,1.66,2.34,3.9,1.22,1.28,2.88,3.72,4.06,3.12,3.0,1.78,3.59,1.6,3.53
27-2021,Athletes and Sports Competitors,0.28,3.0,3.75,3.0,3.62,3.75,1.88,1.0,1.0,3.0,3.25,2.88,1.62,1.75,2.88,2.12,3.25,2.88,1.75,2.0,2.38,3.0,1.0,2.0,3.12,1.0,1.75,2.88,3.12,3.88,2.12,2.38,1.88,3.0,1.88,2.75
27-2022,Coaches and Scouts,0.01,3.88,4.0,3.88,3.88,4.0,1.0,1.88,1.0,4.75,4.0,4.12,2.0,2.5,3.88,2.12,4.12,3.62,1.62,2.75,2.0,3.88,1.25,2.62,4.0,1.0,1.62,3.75,4.0,4.38,3.88,3.62,1.88,3.88,1.88,3.62
27-2023,"Umpires, Referees, and Other Sports Officials",0.98,3.0,3.25,3.0,3.0,3.38,1.12,1.12,1.0,2.88,3.25,3.0,1.0,1.0,2.12,2.5,3.12,2.75,1.12,1.75,1.75,2.75,1.0,2.0,3.0,1.0,1.38,2.75,3.0,3.62,2.0,2.38,1.5,2.88,1.38,2.75
27-2031,Dancers,0.13,2.75,3.25,2.5,3.0,3.0,1.0,1.0,1.0,2.5,2.62,2.5,1.0,1.0,2.38,1.38,2.88,2.0,1.0,1.5,1.38,2.5,1.0,1.0,2.75,1.0,1.0,2.75,2.88,2.88,2.0,1.75,1.12,2.88,1.0,2.5
27-2032,Choreographers,0.0,3.25,3.88,3.0,3.88,3.38,1.0,1.0,1.0,4.0,3.25,3.62,1.62,1.75,3.12,1.62,3.75,3.0,1.0,2.75,1.5,3.0,1.12,1.25,3.5,1.0,1.12,3.25,3.62,3.88,2.62,2.75,1.62,3.38,1.0,3.0
27-2041,Music Directors and Composers,0.02,3.38,3.88,3.12,3.38,3.5,1.0,1.38,1.0,2.88,3.5,2.75,2.25,2.12,3.12,2.12,3.25,3.0,1.38,2.25,1.25,3.25,1.88,1.62,3.5,1.0,1.25,2.75,3.12,3.62,2.88,3.0,1.62,3.12,1.25,3.38
27-2042,Musicians and Singers,0.07,2.75,3.25,2.38,3.0,3.0,1.12,1.38,1.12,2.5,2.62,2.62,1.25,1.38,2.12,1.88,3.25,2.62,1.38,1.88,2.12,2.75,1.25,1.62,3.12,1.12,1.12,2.88,3.12,3.38,2.75,2.5,1.75,2.88,1.38,2.75
27-3011,Broadcast Announcers and Radio Disc Jockeys,0.1,3.12,4.0,3.0,3.0,3.75,1.38,1.38,1.0,2.12,3.0,2.0,1.5,1.5,2.0,1.75,3.0,2.5,2.12,1.88,2.12,2.88,1.12,1.88,3.88,1.25,1.0,3.0,3.75,4.75,2.0,2.12,1.12,3.25,1.5,3.12
27-3031,Public Relations Specialists,0.18,3.38,4.12,3.38,3.88,3.88,1.0,1.0,1.0,3.0,3.5,2.88,1.88,1.75,2.62,2.0,3.0,3.25,1.0,2.75,1.62,3.75,1.38,1.38,4.0,1.0,1.5,3.12,4.0,4.12,3.12,3.25,1.75,3.88,1.0,4.0
27-3041,Editors,0.06,3.12,3.88,3.12,3.0,3.88,1.0,1.0,1.0,3.0,3.12,2.88,1.5,1.38,3.0,2.12,3.0,3.0,1.25,2.0,1.88,3.0,1.62,3.25,4.88,1.0,1.0,2.62,3.12,3.75,3.12,2.5,1.62,3.38,1.0,4.25
27-3042,Technical Writers,0.89,3.25,3.75,2.75,3.0,3.62,1.0,1.0,1.0,2.5,3.12,2.5,1.38,1.62,2.12,1.62,3.0,2.62,1.0,2.5,1.5,2.88,1.38,2.25,4.12,1.0,1.25,2.12,2.75,3.75,2.38,1.88,1.38,3.12,1.12,4.88
27-3043,Writers and Authors,0.04,3.56,3.75,3.06,3.06,3.68,1.0,1.0,1.0,2.5,3.25,2.75,1.37,1.31,2.25,1.5,2.88,2.63,1.0,1.56,1.12,3.06,1.68,1.5,4.19,1.0,1.12,2.81,3.25,3.88,2.12,2.19,1.68,3.18,1.0,4.75
27-3091,Interpreters and Translators,0.38,3.12,4.0,3.0,3.0,3.62,1.0,1.0,1.0,3.0,3.12,3.0,1.25,1.25,2.75,2.0,3.62,2.38,1.0,1.62,2.0,2.88,1.12,2.0,3.88,1.0,1.12,3.12,3.12,4.12,2.12,2.12,1.88,3.0,1.25,3.75
27-3092,Court Reporters and Simultaneous Captioners,0.5,2.38,4.0,2.12,2.0,2.5,1.5,1.25,1.0,1.38,2.0,2.0,1.0,1.0,1.5,1.62,3.0,1.62,1.75,1.12,1.88,1.75,1.12,2.12,3.12,1.38,1.0,1.88,2.62,3.0,1.88,1.75,1.0,3.0,1.75,3.38
27-4011,Audio and Video Technicians,0.55,3.0,3.12,3.25,3.12,3.5,2.38,2.75,2.5,2.88,3.0,2.75,1.88,2.0,2.88,2.0,3.75,2.5,3.0,2.12,3.5,2.62,2.0,2.88,3.5,2.25,1.0,3.12,3.0,3.12,3.0,2.88,2.0,3.0,2.75,3.12
27-4012,Broadcast Technicians,0.74,3.12,3.62,3.25,3.0,3.75,3.12,2.75,2.0,2.5,3.12,2.88,1.88,2.12,2.62,2.75,3.5,2.38,3.0,2.12,3.5,2.38,2.12,2.88,3.12,2.75,1.88,2.38,3.0,3.12,2.88,2.75,2.25,3.12,3.0,3.25
27-4014,Sound Engineering Technicians,0.13,3.12,3.75,3.38,3.12,3.5,2.75,2.5,1.5,2.62,3.25,2.5,1.75,2.0,2.12,2.0,3.12,2.62,3.25,1.25,3.25,2.88,1.75,2.88,3.25,2.5,1.62,3.12,3.0,3.62,3.12,3.0,2.12,3.12,2.88,3.12
27-4021,Photographers,0.02,3.12,3.75,3.12,3.0,3.12,1.88,2.25,1.38,2.88,3.12,2.88,1.62,1.88,2.75,2.0,3.12,2.75,2.25,2.75,2.62,2.88,1.62,2.5,3.12,1.5,1.75,3.25,3.12,3.75,2.5,2.38,1.88,3.0,2.12,2.88
27-4031,"Camera Operators, Television, Video, and Film",0.6,2.88,3.75,3.0,3.25,3.12,2.25,2.62,1.12,2.38,3.25,2.75,1.75,1.88,2.5,2.0,3.12,2.5,2.88,2.12,2.88,2.88,1.38,2.88,3.25,2.38,1.0,2.88,3.12,3.25,2.25,2.25,2.0,3.12,2.38,2.88
27-4032,Film and Video Editors,0.31,3.25,3.75,3.25,3.0,3.5,1.38,1.75,1.0,2.38,3.12,2.62,1.62,1.62,2.25,1.88,3.0,2.5,1.88,2.12,2.25,2.75,1.5,2.5,3.38,1.38,1.0,2.5,2.88,3.25,2.75,2.62,1.75,3.12,1.88,3.12
29-1011,Chiropractors,0.03,3.38,4.0,3.62,3.12,3.88,1.0,1.0,1.0,2.88,3.5,2.88,1.88,1.88,2.88,2.38,3.12,2.62,1.88,2.12,1.88,3.0,1.5,2.0,3.88,1.0,3.38,3.5,3.75,3.88,3.12,3.12,1.75,3.25,1.38,3.75
29-1021,"Dentists, General",0.0,3.88,4.0,4.0,3.75,4.12,1.5,2.38,1.25,3.25,4.12,3.12,3.0,3.0,3.5,2.75,4.0,3.12,2.88,2.38,2.75,3.75,1.62,2.75,4.0,1.38,3.75,3.88,3.88,4.0,2.88,2.75,2.0,3.88,2.0,3.25
29-1022,Oral and Maxillofacial Surgeons,0.0,3.88,3.88,4.12,3.62,4.0,1.88,2.12,1.0,2.88,4.12,2.88,2.0,2.0,2.75,2.62,3.88,2.62,2.88,3.12,2.75,2.75,1.5,2.75,4.0,1.88,3.5,3.25,3.75,3.88,3.25,3.0,2.0,3.38,1.88,3.5
29-1023,Orthodontists,0.02,3.75,4.0,4.0,3.88,4.0,1.0,2.0,1.0,3.25,3.75,3.25,2.0,2.25,3.12,2.12,4.0,3.0,2.25,3.0,2.5,3.25,1.38,2.38,3.88,1.0,3.38,3.38,3.88,4.0,3.0,2.75,2.0,3.75,2.0,3.38
29-1024,Prosthodontists,0.06,3.0,4.0,3.75,3.0,4.0,1.88,2.0,1.25,3.12,3.38,2.88,2.0,2.12,3.0,2.0,3.62,2.75,2.12,2.88,2.62,2.88,1.75,2.5,3.62,1.88,3.0,3.12,3.62,4.0,2.75,2.75,2.0,3.25,2.12,3.38
29-1031,Dietitians and Nutritionists,0.0,3.62,4.0,3.88,3.75,4.0,1.0,1.0,1.0,3.75,4.0,3.75,2.75,2.75,2.88,3.0,3.88,3.12,1.0,3.12,1.88,3.38,1.75,2.88,4.0,1.0,3.25,3.88,4.0,4.0,3.12,3.25,1.75,3.25,1.5,3.88
29-1041,Optometrists,0.14,3.12,4.12,3.38,3.38,4.12,1.0,1.0,1.0,3.25,3.38,3.12,2.12,2.12,3.12,3.0,3.25,3.0,2.25,2.12,2.12,3.25,1.88,2.5,4.12,1.0,3.75,3.25,3.88,4.0,3.0,3.0,1.88,3.25,2.0,4.0
29-1051,Pharmacists,0.01,3.62,4.0,3.62,3.38,3.88,1.0,1.25,1.0,3.38,3.75,3.12,2.38,2.75,3.38,3.25,3.88,2.88,1.5,2.62,2.25,2.88,1.5,2.62,4.0,1.0,3.38,3.62,3.62,4.0,3.0,3.0,1.62,3.62,1.75,3.88
29-1071,Physician Assistants,0.14,3.69,4.0,3.5,3.18,3.87,1.62,1.75,1.12,2.94,3.81,3.0,1.94,2.18,2.81,2.94,3.82,2.75,2.0,2.0,2.82,2.88,1.63,2.63,3.94,1.5,3.31,3.62,3.56,3.81,2.94,3.0,1.82,3.32,2.25,3.56
29-1081,Podiatrists,0.0,4.0,4.0,3.75,3.38,4.0,1.0,2.25,1.0,3.0,3.88,3.25,2.25,2.25,3.0,2.88,3.88,2.62,2.12,2.62,2.25,2.88,1.5,2.38,4.0,1.0,3.5,3.25,3.88,4.0,3.12,3.12,2.25,3.0,2.0,3.88
29-1122,Occupational Therapists,0.0,3.82,4.06,3.38,3.38,3.75,1.0,1.18,1.0,3.94,3.69,3.94,1.68,1.87,2.88,2.06,3.94,3.0,1.81,2.25,2.18,3.06,1.56,2.0,3.94,1.0,2.38,4.0,3.94,4.0,3.06,3.06,1.94,3.38,1.75,3.88
29-1123,Physical Therapists,0.02,3.12,4.0,3.38,3.25,4.0,1.38,1.75,1.12,3.38,3.75,3.12,2.0,2.0,2.88,2.12,3.88,3.0,2.0,2.75,2.25,3.0,1.62,2.0,4.0,1.38,2.62,4.0,4.0,4.0,3.12,3.12,1.88,3.62,2.0,3.88
29-1124,Radiation Therapists,0.34,3.0,3.75,3.12,3.25,3.5,2.75,2.62,1.0,3.0,2.88,2.88,2.0,2.12,2.88,2.75,3.25,2.62,3.12,2.62,3.38,2.62,1.75,2.88,3.75,2.25,2.75,3.25,3.38,3.25,2.62,2.62,1.88,3.12,2.88,3.12
29-1125,Recreational Therapists,0.0,3.38,4.0,3.5,4.0,3.88,1.0,1.38,1.0,3.88,3.12,3.38,1.88,2.0,2.75,2.0,3.38,3.12,1.75,2.75,1.75,3.38,1.5,1.88,3.88,1.0,2.0,4.12,4.0,4.0,3.0,3.0,1.88,3.25,1.5,3.88
29-1126,Respiratory Therapists,0.07,3.62,3.88,3.38,3.38,3.88,2.25,2.38,1.0,3.25,3.38,3.12,1.88,2.0,2.88,2.75,3.88,2.88,2.88,2.12,3.0,2.88,1.5,3.0,3.62,2.25,3.0,3.62,3.62,3.75,2.88,2.88,2.12,3.12,2.38,3.12
29-1127,Speech-Language Pathologists,0.01,3.88,4.12,3.88,3.25,4.12,1.0,1.5,1.0,3.88,3.75,4.0,1.0,1.12,2.38,2.0,3.88,2.88,1.62,3.0,2.12,2.88,1.62,2.25,4.12,1.0,2.88,3.75,4.12,4.0,3.12,3.12,1.88,3.25,1.62,4.0
29-1131,Veterinarians,0.04,4.0,4.12,3.88,3.12,3.88,1.12,1.75,1.0,3.0,3.88,3.0,2.0,2.0,3.0,3.12,3.25,2.88,1.88,2.75,2.25,2.88,1.25,2.12,4.12,1.0,3.88,3.38,3.25,3.88,2.88,3.0,1.88,3.25,1.88,3.5
29-1181,Audiologists,0.0,4.0,4.12,3.62,3.38,4.0,2.12,2.12,1.25,3.12,3.75,3.38,1.88,1.88,2.88,2.88,3.75,2.88,2.12,2.88,3.0,3.12,1.75,3.0,4.12,2.12,3.0,3.62,4.0,4.0,3.12,3.12,1.88,3.25,2.12,4.0
29-1291,Acupuncturists,0.02,3.12,3.88,3.25,3.12,3.75,1.0,1.62,1.0,2.75,3.5,2.62,1.75,1.88,2.0,2.0,3.25,2.0,1.38,1.75,1.62,2.62,1.25,1.88,3.25,1.0,2.25,3.75,3.75,3.62,2.88,2.88,1.38,3.0,1.38,3.12
29-1292,Dental Hygienists,0.68,3.0,3.75,2.88,3.0,3.5,2.12,1.62,1.0,3.0,3.0,2.75,1.5,1.88,2.25,2.0,3.12,2.38,2.25,1.75,2.88,3.0,1.38,2.38,3.0,1.88,2.38,3.12,3.12,3.5,2.0,2.12,1.88,3.0,2.25,3.12
29-1299,"Healthcare Diagnosing or Treating Practitioners, All Other",0.02,3.5,4.06,3.63,3.06,4.06,1.0,1.18,1.0,3.18,3.69,3.32,1.75,1.75,2.69,2.75,3.25,2.56,1.38,2.32,2.0,3.0,1.68,1.93,3.94,1.0,3.37,3.63,3.88,4.0,3.12,3.0,1.82,3.06,1.25,3.75
29-2011,Medical and Clinical Laboratory Technologists,0.9,3.22,3.62,3.32,2.97,3.75,2.28,2.09,1.09,2.88,3.28,2.82,1.94,2.03,2.72,2.78,3.25,2.25,2.66,1.66,3.09,2.5,1.78,3.0,3.75,2.06,3.28,2.78,2.97,3.28,2.59,2.62,1.53,3.16,2.53,3.25
29-2012,Medical and Clinical Laboratory Technicians,0.47,2.94,3.69,3.18,3.0,3.44,2.25,2.31,1.12,2.68,3.06,2.63,1.81,2.06,2.56,2.38,3.18,2.25,2.82,1.75,3.0,2.25,1.75,2.87,3.44,1.88,3.18,2.62,2.94,3.25,2.44,2.18,1.81,3.06,2.56,3.06
29-2031,Cardiovascular Technologists and Technicians,0.23,3.12,3.88,3.12,3.0,3.75,2.5,2.0,1.0,3.0,3.25,2.88,1.75,1.88,2.5,2.62,3.75,2.62,3.12,1.62,3.75,2.75,1.62,2.75,3.62,2.25,3.0,3.25,3.62,3.75,2.38,2.25,1.75,3.0,2.5,3.12
29-2032,Diagnostic Medical Sonographers,0.35,3.38,3.88,3.12,3.25,3.5,2.62,2.25,1.0,3.0,3.12,3.0,1.75,1.88,2.75,2.12,3.5,2.5,3.12,2.0,3.12,3.0,1.25,2.75,3.75,2.12,3.25,3.12,3.75,3.75,2.38,2.12,2.0,3.38,2.25,3.25
29-2033,Nuclear Medicine Technologists,0.13,3.12,3.75,3.12,3.25,3.88,2.38,2.25,1.0,2.88,3.25,2.75,1.75,2.0,2.62,3.12,3.5,2.38,3.0,1.75,3.12,2.75,1.62,2.88,3.5,2.12,3.25,3.25,3.38,3.75,2.38,2.38,1.75,3.0,2.38,3.5
29-2051,Dietetic Technicians,0.13,3.12,3.25,3.12,3.0,3.12,1.0,1.0,1.0,3.12,3.12,3.12,2.12,2.12,2.75,2.88,3.12,2.88,2.12,2.25,2.75,2.88,1.5,2.88,3.12,1.0,2.0,3.12,3.12,3.38,2.75,2.75,1.75,3.0,2.0,3.12
29-2052,Pharmacy Technicians,0.92,3.12,4.0,3.12,3.0,3.25,1.0,1.0,1.0,2.25,3.12,2.88,1.75,2.12,2.5,3.0,3.12,2.0,2.12,1.75,2.25,2.5,1.5,2.12,3.75,1.0,1.88,3.12,3.12,3.75,2.38,2.12,1.75,3.0,1.75,3.0
29-2053,Psychiatric Technicians,0.04,3.12,4.0,3.0,3.88,3.62,1.12,1.12,1.0,3.25,3.0,3.0,1.38,1.5,2.75,2.0,4.0,3.0,1.62,1.88,2.0,3.12,1.5,2.0,3.75,1.0,2.0,3.62,4.12,3.88,2.75,2.62,1.88,3.0,2.0,3.25
29-2055,Surgical Technologists,0.34,3.0,3.38,3.0,3.12,3.12,3.0,2.38,1.0,3.0,3.0,3.0,2.0,3.0,2.88,2.62,3.75,2.62,3.0,2.0,3.25,2.62,1.12,2.88,3.0,2.5,2.25,3.0,3.0,3.12,2.5,2.88,1.88,3.12,2.75,2.88
29-2056,Veterinary Technologists and Technicians,0.03,3.12,3.75,3.25,3.12,3.75,2.25,2.12,1.0,2.88,3.12,3.0,1.88,2.38,2.75,2.75,3.25,2.62,2.62,2.0,2.88,2.88,1.75,2.38,3.62,2.12,2.88,3.12,3.12,3.62,2.75,2.62,1.88,3.0,2.5,3.25
29-2061,Licensed Practical and Licensed Vocational Nurses,0.06,3.38,3.88,3.25,4.0,3.75,1.0,1.12,1.0,3.12,3.62,3.12,1.62,1.88,2.88,2.88,3.88,2.88,2.62,1.75,2.62,2.88,1.25,2.0,3.75,1.0,2.62,4.12,4.0,3.88,3.0,2.88,1.75,3.62,1.75,3.25
29-2081,"Opticians, Dispensing",0.71,3.0,3.88,3.0,3.25,3.5,1.5,2.12,1.0,2.88,3.0,2.62,1.88,2.0,2.75,2.88,3.0,2.75,2.38,2.12,2.5,3.25,1.5,2.62,3.75,1.88,1.75,3.5,3.25,4.0,2.12,2.5,1.88,3.0,2.0,3.25
29-2091,Orthotists and Prosthetists,0.0,3.75,4.0,3.75,3.25,4.0,1.88,2.25,1.0,3.12,3.25,3.12,1.75,2.0,2.5,3.0,3.38,2.75,2.25,3.12,3.0,3.0,1.38,3.0,4.0,2.0,2.88,3.75,3.75,4.0,2.88,2.88,2.88,3.12,2.12,4.0
29-9091,Athletic Trainers,0.01,3.75,4.0,3.25,3.12,3.88,1.25,1.62,1.0,3.62,3.88,3.12,1.88,1.88,2.88,2.12,3.88,2.75,2.0,2.12,2.75,3.0,1.25,2.75,3.75,1.0,2.38,3.62,3.75,3.88,2.88,2.88,1.88,3.25,2.0,3.5
31-1121,Home Health Aides,0.39,3.0,3.75,3.0,3.0,3.38,1.0,1.0,1.0,3.12,3.0,3.0,2.0,2.0,2.25,2.25,3.25,2.88,1.38,1.12,2.12,3.12,1.0,2.0,3.25,1.0,1.62,3.62,3.5,3.12,2.0,2.0,1.25,3.12,1.75,3.12
31-1122,Personal Care Aides,0.74,2.88,3.38,2.88,3.12,3.25,1.0,1.0,1.0,3.0,2.88,2.75,1.38,1.75,2.25,2.0,3.25,2.38,2.0,1.12,2.38,2.38,1.12,2.0,2.88,1.0,1.75,4.0,3.88,3.0,2.12,2.25,1.25,3.0,1.88,2.88
31-1133,Psychiatric Aides,0.47,3.25,3.75,3.12,3.25,3.38,1.0,1.0,1.0,3.12,3.12,2.88,1.88,1.88,2.25,2.12,3.75,3.0,2.0,1.25,2.0,3.0,1.12,2.0,3.12,1.0,1.75,3.88,3.88,3.88,2.0,2.38,1.62,2.88,2.0,3.12
31-2011,Occupational Therapy Assistants,0.03,3.25,3.88,3.0,3.12,3.38,1.62,1.38,1.12,3.25,3.12,3.25,1.75,2.0,2.62,2.12,3.38,2.88,1.88,1.62,2.38,2.88,1.38,1.88,3.62,1.25,1.88,3.88,3.88,3.88,3.0,2.88,1.75,3.5,2.0,3.25
31-2012,Occupational Therapy Aides,0.27,3.0,3.5,3.12,3.38,3.25,1.5,1.25,1.0,3.0,3.0,3.0,1.5,1.75,2.12,2.0,3.25,2.5,1.88,1.88,2.38,2.88,1.12,2.12,3.12,1.5,1.62,3.75,3.62,3.62,2.12,2.12,1.5,3.0,1.88,3.12
31-2021,Physical Therapist Assistants,0.02,3.25,4.0,3.12,3.12,3.25,1.75,2.12,1.0,3.12,3.12,2.88,1.88,1.88,2.62,2.25,3.75,2.25,2.12,1.88,2.75,3.0,1.75,2.62,3.25,1.62,2.38,3.25,3.75,3.75,2.75,2.75,1.88,3.0,2.12,3.25
31-2022,Physical Therapist Aides,0.61,3.0,3.62,2.88,3.12,3.0,1.5,1.25,1.0,3.0,2.75,2.62,1.38,1.5,2.12,2.0,3.25,2.25,1.62,1.62,2.12,2.88,1.25,2.0,3.12,1.0,1.88,3.25,3.12,3.0,2.25,2.0,1.88,3.0,2.0,3.0
31-9011,Massage Therapists,0.54,3.0,3.62,3.0,2.38,3.0,1.0,1.0,1.0,2.25,3.12,2.75,1.38,1.62,1.75,2.0,3.0,2.0,1.0,1.62,1.38,2.0,1.0,1.75,3.0,1.0,1.75,3.25,3.25,3.62,2.12,2.25,1.75,2.88,1.38,3.0
31-9091,Dental Assistants,0.51,3.12,3.88,3.0,2.88,3.0,1.88,2.0,1.0,3.12,2.88,2.5,1.75,2.12,2.25,2.12,3.12,2.5,2.12,1.75,2.62,2.5,1.38,2.5,3.25,1.88,2.0,3.12,3.12,3.38,2.38,2.12,1.75,2.75,2.0,3.0
31-9092,Medical Assistants,0.3,3.25,3.88,3.0,3.5,3.62,1.5,1.62,1.0,3.12,3.0,3.12,2.0,2.12,2.38,2.62,3.5,2.5,2.12,1.62,2.5,2.75,1.5,2.12,3.75,1.5,2.62,3.5,4.0,3.88,2.38,2.38,1.5,3.0,1.75,3.38
31-9093,Medical Equipment Preparers,0.78,3.0,3.25,2.75,3.0,3.5,2.75,2.0,2.12,2.12,3.0,2.75,1.75,2.62,2.0,2.25,3.38,1.75,2.88,1.38,3.25,2.0,1.62,3.38,3.12,2.38,1.88,2.75,2.75,3.12,2.5,2.12,1.5,3.0,3.12,2.88
31-9094,Medical Transcriptionists,0.89,2.88,4.12,2.62,2.5,3.0,1.0,1.0,1.0,2.12,3.0,2.12,1.0,1.12,1.75,1.75,3.12,1.88,1.12,1.62,1.5,1.88,1.38,1.62,4.0,1.0,1.5,2.12,2.75,3.0,1.88,1.88,1.12,3.0,1.0,3.88
31-9095,Pharmacy Aides,0.72,2.88,3.5,2.75,3.0,3.0,1.5,1.38,1.0,2.0,3.0,2.5,1.75,2.0,1.88,2.5,2.75,1.88,1.75,1.5,1.88,2.25,1.5,2.0,3.25,1.12,1.5,3.38,3.25,3.38,2.12,1.88,1.62,2.62,1.75,2.75
31-9096,Veterinary Assistants and Laboratory Animal Caretakers,0.86,2.88,3.5,2.88,3.0,3.25,1.62,1.62,1.0,2.88,2.88,2.12,2.0,2.25,2.12,2.75,3.12,2.12,2.0,1.88,2.12,2.12,1.25,2.12,3.12,1.62,2.62,3.12,3.0,3.0,2.0,2.12,1.75,3.0,2.0,3.12
33-1011,First-Line Supervisors of Correctional Officers,0.02,3.25,4.0,3.25,4.0,4.0,1.0,1.0,1.0,3.12,3.12,3.12,1.88,2.0,3.75,2.12,4.0,3.5,2.0,2.12,2.12,3.5,1.5,2.0,3.75,1.0,1.5,3.0,4.0,3.88,3.12,3.0,1.62,3.25,1.75,3.5
33-1012,First-Line Supervisors of Police and Detectives,0.0,3.88,4.0,3.75,3.88,4.0,1.5,1.5,1.0,3.88,3.75,3.75,2.5,2.5,4.0,2.38,4.0,3.25,2.5,2.12,2.5,3.88,1.5,2.12,4.0,1.5,1.5,3.5,4.0,4.0,3.12,3.12,1.5,3.5,2.0,3.75
33-2011,Firefighters,0.17,3.5,3.5,3.25,3.62,3.88,2.88,2.88,1.38,3.0,3.62,2.88,1.75,2.12,2.38,2.62,3.5,2.62,3.25,1.38,3.25,2.88,1.5,2.88,3.12,2.25,2.0,3.62,3.38,3.5,2.88,2.88,1.75,3.12,2.62,2.88
33-2021,Fire Inspectors and Investigators,0.48,3.12,3.62,3.12,3.0,3.5,1.12,1.12,1.0,3.25,3.12,3.0,2.12,2.12,2.62,2.5,3.25,2.88,2.12,1.88,2.62,3.25,1.62,2.75,3.38,1.25,1.88,3.25,3.38,3.5,2.75,3.0,1.88,3.0,2.38,3.5
33-2022,Forest Fire Inspectors and Prevention Specialists,0.05,3.0,3.62,3.5,3.75,4.0,2.25,2.25,1.0,3.25,3.62,3.12,1.88,2.0,3.12,2.12,3.38,2.88,2.38,1.62,2.62,3.0,1.62,2.25,3.12,1.88,1.88,2.88,3.0,3.75,2.75,2.88,1.75,3.12,2.25,3.12
33-3011,Bailiffs,0.36,2.75,3.25,2.88,2.88,3.0,1.0,1.0,1.0,2.25,3.25,2.12,1.25,1.38,2.38,1.5,3.38,2.75,1.5,1.12,2.0,2.88,1.12,1.88,2.88,1.0,1.0,2.88,4.0,3.38,1.88,1.5,1.25,3.0,1.25,2.25
33-3012,Correctional Officers and Jailers,0.6,3.25,4.0,3.25,3.5,3.75,1.62,1.5,1.0,3.0,3.25,3.0,1.5,1.62,2.5,2.0,4.0,3.25,2.12,1.38,2.75,3.38,1.5,2.25,3.62,1.62,1.38,3.0,4.0,3.88,2.75,2.62,1.62,3.0,2.12,3.0
33-3021,Detectives and Criminal Investigators,0.34,3.37,4.13,3.5,3.21,3.96,1.0,1.17,1.0,2.92,3.29,2.83,1.62,1.67,2.21,2.33,3.21,2.83,1.88,1.71,2.25,2.96,1.58,1.79,3.96,1.0,1.84,3.04,3.29,4.04,2.71,2.63,1.62,3.0,1.54,3.54
33-3031,Fish and Game Wardens,0.08,3.0,3.88,3.38,3.25,3.88,2.0,1.88,1.0,3.0,3.5,2.88,1.62,1.62,2.5,2.62,3.38,2.88,2.88,2.38,3.0,3.38,1.5,2.5,3.62,2.0,2.75,3.12,3.38,3.75,3.12,3.0,1.75,3.0,2.25,3.12
33-3041,Parking Enforcement Workers,0.84,2.88,3.12,2.75,3.0,3.12,2.25,1.75,1.0,2.88,2.88,2.25,1.38,1.38,2.38,2.12,3.25,2.75,2.62,1.25,2.38,2.75,1.5,2.12,3.0,1.75,1.0,3.0,3.12,3.25,2.12,2.12,1.38,3.0,2.25,2.88
33-3051,Police and Sheriff's Patrol Officers,0.1,3.56,3.94,3.18,3.5,3.88,1.06,1.12,1.0,2.94,3.62,2.62,1.75,1.82,2.75,2.25,3.56,3.19,2.32,1.31,2.5,3.37,1.5,1.94,3.75,1.0,1.63,3.25,3.88,3.94,2.56,2.38,1.56,3.12,1.75,3.44
33-3052,Transit and Railroad Police,0.57,3.25,4.0,3.75,3.25,3.88,1.0,1.0,1.0,3.0,3.25,2.88,2.0,2.0,2.88,2.0,3.38,3.12,2.5,1.88,2.75,3.0,1.62,2.0,3.12,1.0,1.12,3.12,3.38,4.0,3.0,2.38,1.5,3.0,1.88,3.25
33-9011,Animal Control Workers,0.21,2.88,3.75,2.88,3.0,3.5,1.0,1.0,1.0,2.62,3.0,2.75,1.62,1.75,2.0,2.0,3.0,2.75,2.0,1.5,2.0,2.88,1.12,1.75,3.0,1.0,1.12,3.0,3.0,3.62,2.0,2.0,1.12,3.0,1.25,3.0
33-9021,Private Detectives and Investigators,0.31,3.38,4.12,3.75,3.0,3.88,1.0,1.25,1.0,2.25,3.38,2.5,1.75,1.88,2.25,2.25,3.38,2.88,2.12,1.88,1.88,2.88,1.75,1.75,3.88,1.0,1.5,3.0,3.5,4.0,2.88,2.75,1.62,3.0,1.38,3.62
33-9031,Gambling Surveillance Officers and Gambling Investigators,0.95,3.12,3.25,3.0,2.88,3.75,1.0,1.0,1.0,3.0,3.38,2.5,1.62,1.62,2.62,2.12,4.12,2.38,2.0,1.5,2.38,2.5,1.38,2.25,3.25,1.25,1.25,2.62,3.12,3.62,2.5,2.38,1.62,2.88,1.75,3.12
33-9032,Security Guards,0.84,2.88,3.75,2.62,3.12,3.12,1.12,1.0,1.0,2.25,3.0,2.62,1.38,1.38,2.12,2.0,3.38,2.62,2.12,1.5,2.25,2.88,1.12,2.0,3.0,1.0,1.5,2.88,3.0,3.25,2.0,2.0,1.12,2.5,2.0,2.75
33-9091,Crossing Guards and Flaggers,0.49,2.25,2.88,2.38,2.75,2.75,1.0,1.0,1.0,1.88,2.75,1.88,1.38,1.5,1.62,1.62,2.88,2.12,1.0,1.25,1.62,2.12,1.0,1.25,2.25,1.0,1.0,2.75,3.0,3.12,1.88,1.75,1.0,2.0,1.38,2.0
33-9092,"Lifeguards, Ski Patrol, and Other Recreational Protective Service Workers",0.67,2.75,3.12,3.0,3.0,3.0,1.25,1.38,1.0,2.75,3.0,3.12,1.12,1.25,2.0,1.38,3.75,2.0,1.38,1.25,2.12,2.5,1.0,1.88,2.88,1.25,1.5,3.25,3.38,3.5,1.88,2.0,1.0,2.38,1.62,2.5
35-1011,Chefs and Head Cooks,0.1,3.38,3.62,3.25,4.12,3.75,2.0,2.12,1.0,3.62,3.62,3.25,3.12,3.25,3.88,3.0,4.0,3.12,2.5,2.62,2.88,3.0,1.5,3.25,3.5,2.0,1.75,3.75,3.88,3.88,3.0,3.0,1.62,3.88,2.12,3.12
35-1012,First-Line Supervisors of Food Preparation and Serving Workers,0.63,3.0,3.75,3.0,3.88,3.12,1.38,1.25,1.0,3.75,3.0,3.12,2.88,3.0,4.0,3.0,3.88,3.12,2.0,1.75,2.38,3.0,1.25,2.88,3.25,1.38,1.0,3.62,3.12,3.88,3.0,3.0,1.5,3.12,2.0,3.0
35-2011,"Cooks, Fast Food",0.81,2.38,3.0,2.0,2.75,2.62,1.0,1.0,1.0,2.12,2.38,2.0,1.62,1.5,2.0,2.0,2.62,2.12,1.75,1.25,2.12,2.25,1.0,1.75,2.62,1.0,1.0,3.0,2.75,2.75,2.0,2.0,1.25,2.5,1.0,2.0
35-2012,"Cooks, Institution and Cafeteria",0.83,2.88,3.0,3.0,3.0,3.0,1.25,1.5,1.0,2.75,3.12,2.75,2.25,2.62,3.0,2.88,3.12,2.5,2.88,1.88,3.12,2.62,1.0,3.12,2.88,1.0,1.0,3.12,2.88,3.12,2.5,2.38,1.62,3.0,2.0,2.75
35-2013,"Cooks, Private Household",0.3,2.88,3.0,3.0,2.88,3.25,1.0,1.75,1.0,2.12,3.0,2.75,2.5,2.88,2.62,2.25,3.0,2.12,2.38,2.12,2.38,2.75,1.25,2.25,3.0,1.12,1.38,3.12,3.0,3.0,2.25,2.25,1.62,3.0,2.0,2.88
35-2014,"Cooks, Restaurant",0.96,2.75,2.88,2.38,2.62,3.0,1.0,1.75,1.0,2.0,2.62,2.0,2.0,2.0,2.25,2.25,3.0,2.12,2.25,1.5,2.5,2.12,1.0,2.38,2.75,1.0,1.38,2.38,2.5,3.0,2.38,2.0,1.0,3.0,1.5,2.25
35-2015,"Cooks, Short Order",0.94,2.38,3.12,2.62,3.0,2.88,1.0,1.25,1.0,2.38,2.62,2.0,1.75,2.0,2.25,2.12,2.88,2.25,2.0,1.0,2.25,2.25,1.0,2.25,3.12,1.0,1.0,3.0,2.62,3.0,1.75,1.88,1.12,3.12,1.88,2.25
35-2021,Food Preparation Workers,0.87,2.0,3.0,2.0,2.88,2.75,1.0,1.12,1.0,2.0,2.38,2.0,1.5,1.5,2.0,2.0,2.5,1.88,1.75,1.0,2.0,2.0,1.0,2.12,2.62,1.0,1.0,3.0,2.62,2.88,2.0,1.88,1.0,3.0,1.88,1.88
35-3011,Bartenders,0.77,3.0,3.75,3.0,3.12,3.12,1.12,1.25,1.0,3.0,2.88,2.88,2.25,2.38,2.5,2.25,3.0,2.88,1.62,1.0,2.0,3.12,1.25,2.25,3.0,1.0,1.0,3.62,3.25,3.12,2.25,2.25,1.5,3.0,1.88,2.75
35-3031,Waiters and Waitresses,0.94,2.5,3.5,2.62,3.12,2.88,1.0,1.0,1.0,2.12,2.75,2.0,1.62,1.75,1.88,2.12,3.0,2.12,1.38,1.0,2.0,2.75,1.12,2.25,2.75,1.0,1.0,3.88,3.38,3.5,2.0,2.0,1.0,2.75,1.75,2.12
35-3041,"Food Servers, Nonrestaurant",0.86,2.0,3.0,2.12,2.88,2.88,1.12,1.12,1.0,2.12,2.75,2.0,1.88,1.88,2.25,2.0,2.75,2.12,2.0,1.5,2.12,2.12,1.12,2.12,2.88,1.0,1.0,3.0,2.88,3.0,2.0,2.0,1.75,2.88,2.0,2.0
35-9011,Dining Room and Cafeteria Attendants and Bartender Helpers,0.91,2.12,3.0,2.0,3.0,2.75,1.0,1.0,1.0,2.0,2.88,2.0,2.0,2.0,2.25,1.88,2.88,2.0,1.75,1.12,2.12,2.0,1.12,2.0,2.38,1.0,1.0,3.0,2.88,2.88,2.0,2.0,1.12,2.25,2.0,2.0
35-9021,Dishwashers,0.77,1.88,2.62,1.88,2.75,2.5,2.0,1.5,1.0,2.0,2.25,2.0,1.5,1.5,1.88,1.5,2.5,1.88,2.88,1.0,2.5,1.88,1.0,2.38,2.0,1.88,1.0,2.12,2.5,2.5,1.88,1.88,1.0,2.62,2.0,1.75
35-9031,"Hosts and Hostesses, Restaurant, Lounge, and Coffee Shop",0.97,2.62,3.5,1.88,2.88,2.75,1.0,1.0,1.0,2.38,2.12,2.0,1.12,1.12,2.0,1.88,2.88,2.62,1.25,1.0,1.75,2.62,1.0,2.0,2.88,1.0,1.0,3.12,3.0,3.12,2.0,1.88,1.0,2.62,1.25,2.12
37-1011,First-Line Supervisors of Housekeeping and Janitorial Workers,0.94,2.88,3.12,3.12,3.25,3.12,2.12,2.0,1.0,3.12,3.0,3.12,2.38,2.75,3.38,2.12,3.25,3.0,2.0,1.88,2.25,2.88,1.0,3.0,3.0,1.88,1.0,3.12,3.12,3.25,2.38,2.62,1.38,3.25,2.12,2.88
37-1012,"First-Line Supervisors of Landscaping, Lawn Service, and Groundskeeping Workers",0.57,3.12,3.88,3.12,3.75,3.75,2.25,2.25,1.38,3.25,3.25,3.12,2.25,2.88,3.88,2.88,4.0,2.88,3.0,2.12,3.0,3.12,1.62,3.12,3.12,2.12,1.62,3.12,3.25,3.75,2.88,2.88,1.88,4.0,2.25,3.0
37-2011,"Janitors and Cleaners, Except Maids and Housekeeping Cleaners",0.66,2.62,3.0,2.25,2.75,2.75,2.0,2.0,1.0,2.12,2.38,2.12,1.38,1.5,2.12,1.38,2.75,2.0,2.0,1.12,2.25,2.12,1.25,2.0,2.5,2.0,1.0,2.5,2.62,3.0,2.0,1.88,1.25,2.75,2.12,2.38
37-2012,Maids and Housekeeping Cleaners,0.69,2.12,2.75,2.12,3.0,2.75,1.0,1.25,1.0,2.12,2.12,2.12,1.62,1.88,2.12,1.88,2.75,2.12,1.62,1.12,2.0,2.12,1.0,2.0,2.62,1.0,1.0,3.12,2.88,2.75,2.0,2.0,1.0,3.0,1.88,2.12
37-2021,Pest Control Workers,0.66,3.12,3.75,3.25,3.12,3.75,2.25,2.12,1.0,2.88,3.12,2.75,2.12,2.12,3.0,2.62,3.62,3.12,3.0,1.88,3.0,3.12,1.0,2.62,3.0,2.25,2.0,3.25,3.38,3.62,2.88,2.62,1.62,3.5,2.5,3.62
37-3011,Landscaping and Groundskeeping Workers,0.95,2.25,2.75,2.25,2.75,2.88,2.12,2.12,1.12,2.0,2.5,2.12,1.12,1.5,2.12,1.75,2.5,1.88,3.12,1.25,2.75,2.0,1.0,2.0,2.25,2.25,1.62,2.5,2.5,2.88,1.88,1.88,1.62,2.62,2.12,1.75
37-3012,"Pesticide Handlers, Sprayers, and Applicators, Vegetation",0.97,2.88,3.25,3.0,3.0,3.12,2.88,2.25,1.0,2.38,3.0,2.25,1.75,1.88,2.5,2.25,2.88,2.38,3.0,1.25,3.0,2.38,1.0,2.38,3.0,2.25,2.0,2.5,3.0,3.12,2.12,2.12,1.38,3.12,2.25,2.5
37-3013,Tree Trimmers and Pruners,0.77,2.62,2.88,3.12,3.0,3.25,2.75,2.88,1.25,3.0,2.75,2.25,1.88,1.88,2.75,1.88,3.12,2.25,3.75,1.38,3.62,2.38,1.0,2.75,2.62,2.25,1.75,2.88,2.62,3.0,2.25,2.0,1.62,2.75,2.75,2.5
39-1022,First-Line Supervisors of Personal Service Workers,0.08,3.12,3.88,3.12,3.75,3.88,1.0,1.0,1.0,3.25,3.25,3.12,2.12,2.12,3.75,2.12,3.25,3.0,1.88,1.88,2.25,3.5,1.25,2.62,3.62,1.0,1.38,3.62,3.75,3.75,3.0,3.0,1.62,3.75,1.88,3.25
39-2011,Animal Trainers,0.1,3.25,3.12,3.0,3.0,3.38,1.0,1.12,1.0,3.75,3.12,3.5,1.75,2.0,2.62,1.88,3.12,2.5,1.75,1.75,2.0,2.88,1.12,2.12,2.88,1.0,1.75,3.0,3.0,3.5,2.88,2.88,1.75,3.0,1.75,2.88
39-2021,Animal Caretakers,0.82,2.38,3.0,2.62,3.0,2.75,1.5,1.62,1.12,2.12,3.0,2.0,1.75,1.75,2.0,2.0,3.12,2.0,1.62,1.0,1.88,1.88,1.25,2.0,3.0,1.25,1.5,3.0,2.75,2.88,2.12,2.12,1.62,2.5,1.88,2.75
39-3011,Gambling Dealers,0.96,2.25,3.38,2.25,2.88,2.75,1.12,1.0,1.0,2.62,2.5,2.0,1.5,1.25,2.12,2.75,3.0,2.38,1.25,1.0,1.62,2.62,1.0,1.62,3.0,1.0,1.0,3.12,3.12,3.38,1.5,1.62,1.12,2.5,1.38,2.25
39-3012,Gambling and Sports Book Writers and Runners,0.91,2.62,3.5,2.5,3.0,2.88,1.0,1.0,1.0,2.25,2.62,2.25,1.75,1.75,2.38,3.0,3.12,2.25,1.62,1.12,2.0,2.5,1.38,1.88,2.75,1.0,1.25,2.88,3.0,3.12,1.88,1.88,1.0,2.38,1.75,2.88
39-3021,Motion Picture Projectionists,0.97,2.12,3.0,2.88,2.88,2.88,2.75,2.12,1.25,2.0,2.88,2.0,1.0,1.5,1.88,1.5,2.88,2.0,3.0,1.88,3.12,2.12,1.38,2.75,3.0,2.88,1.0,2.5,2.88,3.0,2.12,2.12,1.12,2.88,2.88,2.12
39-3031,"Ushers, Lobby Attendants, and Ticket Takers",0.96,2.62,3.12,2.5,3.0,2.75,1.0,1.0,1.0,1.62,2.38,1.62,1.0,1.0,2.38,1.88,2.75,2.88,1.62,1.25,2.0,2.88,1.38,2.0,2.75,1.0,1.0,3.25,3.38,3.25,2.0,2.0,1.0,2.5,1.88,2.25
39-3091,Amusement and Recreation Attendants,0.72,2.38,3.0,2.12,2.88,2.75,1.75,1.12,1.0,2.12,2.62,2.12,1.0,1.38,2.0,2.0,2.88,2.0,2.25,1.12,2.38,2.38,1.25,1.88,2.38,1.75,1.0,3.12,3.0,3.25,2.0,2.0,1.38,2.62,2.0,2.5
39-3092,Costume Attendants,0.61,2.5,3.12,2.25,3.12,2.88,1.0,1.12,1.0,2.5,2.38,1.88,1.88,2.0,2.25,1.5,3.12,2.75,2.0,2.12,1.88,2.75,1.0,2.0,2.88,1.0,1.0,2.88,3.0,3.12,2.12,2.38,1.62,2.75,1.62,2.5
39-3093,"Locker Room, Coatroom, and Dressing Room Attendants",0.43,2.12,3.5,2.0,2.75,2.5,1.0,1.12,1.0,2.0,2.25,1.38,1.0,1.25,2.0,1.38,2.75,2.5,1.5,1.25,1.62,2.25,1.0,1.25,2.62,1.0,1.0,3.5,3.12,3.62,1.0,1.38,1.0,2.38,1.0,2.25
39-4011,Embalmers,0.54,3.0,3.75,2.88,3.0,3.12,1.5,1.62,1.0,2.62,3.0,2.12,2.0,2.0,2.75,2.0,3.0,2.38,2.12,2.0,2.75,2.25,1.25,2.25,3.0,1.5,2.62,3.12,3.12,3.88,2.12,2.12,1.88,3.12,2.0,3.12
39-4021,Funeral Attendants,0.37,2.0,3.12,2.25,3.0,2.62,1.88,1.5,1.0,2.0,2.38,2.0,1.5,1.5,1.75,1.75,3.0,1.88,2.12,1.62,2.12,2.0,1.25,2.0,2.75,1.25,1.25,3.25,3.25,3.0,2.0,1.88,1.25,2.38,2.0,2.25
39-5011,Barbers,0.8,2.5,3.38,2.25,2.5,2.88,2.0,1.88,1.0,1.62,3.0,1.88,1.75,2.0,2.0,1.88,2.88,2.0,1.88,2.12,2.0,2.25,1.0,1.88,2.75,1.88,1.25,3.12,3.12,3.12,1.75,1.62,1.5,2.62,2.0,2.0
39-5012,"Hairdressers, Hairstylists, and Cosmetologists",0.11,3.25,3.88,3.0,2.88,3.38,1.38,1.75,1.0,2.88,3.25,2.88,1.5,1.88,2.5,2.38,3.0,2.75,1.38,2.5,2.0,2.88,1.38,1.62,3.0,1.0,1.62,3.62,3.12,3.75,2.25,2.25,1.75,3.0,1.5,2.88
39-5091,"Makeup Artists, Theatrical and Performance",0.01,3.12,3.5,3.0,3.12,3.25,1.0,2.0,1.0,2.62,3.25,2.75,2.88,2.75,2.5,2.12,3.12,2.38,1.12,2.38,2.0,2.88,1.38,2.25,3.62,1.0,1.5,3.0,3.0,3.75,2.5,2.38,1.75,3.0,1.62,2.88
39-5092,Manicurists and Pedicurists,0.95,2.75,3.0,2.25,2.75,2.5,1.0,1.5,1.0,2.12,2.38,2.12,1.38,1.5,2.0,1.88,2.62,2.5,1.12,1.5,1.5,2.62,1.0,1.75,2.75,1.0,1.0,3.0,3.0,3.0,2.0,2.0,1.75,2.75,1.38,2.12
39-5093,Shampooers,0.79,2.25,3.12,2.12,2.75,2.5,1.0,1.38,1.0,2.12,2.5,2.0,1.38,1.38,2.0,1.62,2.75,2.25,1.25,1.12,2.12,2.38,1.0,1.5,2.5,1.0,1.0,3.0,2.75,3.25,1.5,1.5,1.38,2.5,1.38,2.38
39-5094,Skincare Specialists,0.29,3.0,3.5,3.0,3.0,3.12,1.0,1.88,1.0,2.88,2.88,2.75,1.5,1.75,2.0,2.0,3.25,2.62,2.0,2.0,2.12,2.75,1.25,2.12,3.12,1.0,1.38,3.62,3.12,3.75,2.38,2.25,1.38,3.0,1.5,2.88
39-6011,Baggage Porters and Bellhops,0.83,2.25,3.62,2.88,3.0,3.0,1.62,1.5,1.0,2.5,2.75,2.25,1.88,1.88,2.12,2.0,2.88,2.25,2.38,1.12,2.38,2.25,1.25,2.0,2.88,1.62,1.0,3.75,2.88,3.62,2.12,2.0,1.25,2.88,2.0,2.75
39-6012,Concierges,0.21,2.88,4.0,2.88,3.5,3.0,1.0,1.0,1.0,2.0,3.0,2.0,1.75,1.75,2.0,2.0,3.0,2.75,1.0,1.25,1.38,3.0,1.25,1.25,3.0,1.0,1.0,4.0,4.0,4.0,2.0,2.0,1.75,3.0,1.25,2.75
39-7011,Tour Guides and Escorts,0.91,2.25,3.25,2.12,3.0,2.88,1.0,1.0,1.0,2.38,2.75,2.25,1.0,1.25,2.0,2.0,3.0,2.12,1.12,1.75,1.75,2.62,1.0,1.25,3.0,1.0,1.0,3.12,3.25,3.88,1.62,1.88,1.62,3.0,1.0,2.25
39-7012,Travel Guides,0.06,3.12,3.88,3.12,3.75,3.12,1.0,1.5,1.0,2.75,3.12,2.75,2.62,2.75,2.88,2.5,3.0,3.12,2.12,2.0,2.0,3.75,1.88,2.12,3.25,1.12,1.0,4.12,3.88,4.0,2.75,2.62,1.75,3.25,1.5,3.12
39-9011,Childcare Workers,0.08,3.0,3.5,3.19,3.31,3.37,1.0,1.0,1.0,3.12,3.31,3.12,1.5,1.62,2.32,1.87,3.69,2.88,1.44,1.5,1.88,3.25,1.0,1.94,3.0,1.0,1.37,3.56,3.56,3.44,2.25,2.63,1.82,3.19,1.63,3.0
39-9031,Exercise Trainers and Group Fitness Instructors,0.08,3.0,3.25,2.62,3.0,3.0,1.5,1.75,1.0,4.0,3.0,3.12,1.0,1.38,2.12,1.75,3.0,2.0,1.62,2.0,1.88,2.88,1.12,1.88,3.0,1.12,1.75,3.75,3.12,3.62,2.25,2.12,1.75,3.0,1.88,2.62
39-9032,Recreation Workers,0.01,3.12,4.0,3.12,4.0,3.25,1.0,1.38,1.0,3.75,3.0,3.12,2.0,2.62,3.12,2.12,3.75,3.0,1.62,2.0,2.0,3.12,1.38,1.88,3.12,1.0,1.62,4.0,4.0,4.0,2.88,2.75,1.88,3.25,1.88,3.12
39-9041,Residential Advisors,0.06,3.0,3.88,3.12,3.75,3.62,1.0,1.0,1.0,2.88,3.12,2.75,2.12,2.25,2.88,2.0,3.75,3.62,1.75,2.0,2.0,3.38,1.38,2.0,3.12,1.0,1.38,3.62,4.0,3.75,2.75,2.75,1.88,3.62,1.75,3.0
41-1011,First-Line Supervisors of Retail Sales Workers,0.28,3.0,3.88,3.0,3.5,3.5,1.0,1.0,1.0,3.25,3.12,3.0,2.5,2.62,3.25,2.75,3.5,3.25,1.5,2.5,1.88,3.25,1.75,2.12,3.0,1.0,1.0,3.75,3.5,3.75,3.0,3.0,1.88,3.12,1.38,3.0
41-1012,First-Line Supervisors of Non-Retail Sales Workers,0.08,3.5,4.0,3.62,3.88,3.62,1.0,1.0,1.0,3.25,3.88,3.25,2.88,2.88,4.0,3.0,4.0,3.62,1.62,2.0,1.75,3.75,1.5,2.25,3.62,1.0,1.0,3.12,3.88,4.0,3.12,3.12,1.5,3.88,1.12,3.62
41-2011,Cashiers,0.97,2.0,3.0,2.0,2.75,2.75,1.0,1.0,1.0,2.38,2.5,2.0,1.5,1.38,2.0,2.62,2.62,2.38,1.5,1.0,1.88,2.38,1.0,1.38,2.75,1.0,1.25,3.12,3.0,3.0,2.0,2.0,1.0,2.62,1.38,2.12
41-2012,Gambling Change Persons and Booth Cashiers,0.83,2.0,3.0,2.88,3.0,2.88,1.62,1.62,1.0,2.38,2.75,2.0,2.12,2.0,2.25,2.88,2.88,2.62,2.0,1.12,2.38,2.62,1.25,2.25,3.12,2.0,1.0,3.0,3.0,3.0,2.0,2.0,1.0,2.38,2.12,2.75
41-2021,Counter and Rental Clerks,0.97,2.75,3.75,2.75,3.0,3.12,1.62,1.62,1.0,2.5,2.88,2.12,2.0,2.12,2.38,2.25,3.0,2.88,2.0,1.0,2.38,2.88,1.38,1.62,3.25,1.62,1.0,3.38,3.12,3.38,2.0,2.0,1.62,3.0,1.62,3.0
41-2022,Parts Salespersons,0.98,2.88,4.0,2.88,2.88,3.25,1.88,2.12,1.0,2.88,3.0,2.38,1.5,2.12,2.12,2.75,3.12,2.88,2.0,1.25,2.25,3.75,1.38,2.12,3.62,1.88,1.0,3.62,3.38,4.0,2.25,2.12,1.5,3.0,2.0,3.0
41-2031,Retail Salespersons,0.92,3.0,3.75,2.75,3.0,3.12,1.0,1.0,1.0,2.88,2.88,2.62,2.12,2.0,2.38,2.62,3.0,3.5,2.0,1.5,2.0,3.88,1.25,2.0,3.0,1.0,1.0,3.75,3.5,3.75,2.0,2.0,1.88,3.0,1.75,3.0
41-3011,Advertising Sales Agents,0.54,2.88,3.75,3.0,3.12,3.25,1.0,1.0,1.0,2.25,3.25,2.62,2.0,2.0,2.38,2.75,3.0,3.75,2.0,2.12,2.0,4.0,1.88,1.62,3.38,1.0,1.0,3.88,3.88,4.12,3.0,2.12,1.88,3.0,1.0,3.12
41-3021,Insurance Sales Agents,0.92,3.0,3.88,2.88,3.0,3.75,1.0,1.0,1.0,2.62,3.0,2.75,1.25,1.12,2.0,3.0,2.88,3.25,1.75,1.88,1.75,3.62,1.75,1.12,4.0,1.0,1.12,3.38,3.12,3.88,2.75,2.75,1.75,3.5,1.0,3.62
41-3031,"Securities, Commodities, and Financial Services Sales Agents",0.02,3.5,3.75,3.38,2.88,3.75,1.12,1.12,1.12,2.88,3.62,2.62,3.12,2.0,2.75,3.12,3.62,3.0,1.12,2.0,1.62,3.5,1.88,1.38,3.5,1.0,1.25,3.25,3.38,3.5,3.25,3.12,1.62,3.12,1.12,3.38
41-3041,Travel Agents,0.1,3.12,4.12,3.0,3.12,3.12,1.0,1.12,1.0,2.62,3.38,2.5,2.12,1.75,1.88,2.88,3.0,3.12,1.62,1.75,1.75,3.62,1.75,1.25,4.0,1.0,1.25,4.12,3.75,4.0,2.38,2.25,1.75,3.0,1.0,3.12
41-4011,"Sales Representatives, Wholesale and Manufacturing, Technical and Scientific Products",0.25,3.31,3.81,3.25,3.31,3.44,1.0,1.44,1.0,2.88,3.12,2.75,2.25,2.06,2.37,2.82,3.06,3.62,1.88,2.06,1.94,3.94,1.75,1.94,3.68,1.0,1.44,3.68,3.69,4.12,2.82,2.44,1.94,3.0,1.31,3.25
41-4012,"Sales Representatives, Wholesale and Manufacturing, Except Technical and Scientific Products",0.85,3.12,4.0,3.12,3.12,3.5,1.0,1.0,1.0,2.75,3.12,2.25,1.88,1.88,1.88,2.25,3.12,3.75,1.75,1.75,1.62,3.75,1.5,1.25,3.38,1.0,1.0,3.12,3.75,4.0,2.25,2.25,1.62,3.0,1.0,3.25
41-9011,Demonstrators and Product Promoters,0.51,2.88,3.88,3.0,3.0,3.0,1.0,1.0,1.0,2.38,3.0,2.75,1.62,1.62,2.38,2.12,3.0,2.38,1.75,2.0,2.12,3.5,1.12,2.12,3.25,1.0,1.0,3.25,3.0,3.88,2.12,2.25,1.88,3.0,2.0,3.0
41-9012,Models,0.98,1.88,2.75,1.88,2.62,2.62,1.0,1.0,1.0,1.25,2.12,1.12,1.0,1.0,1.5,1.25,1.88,2.0,1.0,1.38,1.0,2.0,1.0,1.12,2.5,1.0,1.0,1.88,2.88,2.75,1.75,1.12,1.5,2.5,1.0,2.0
41-9021,Real Estate Brokers,0.97,3.62,3.88,3.0,3.12,3.88,1.0,1.0,1.0,2.5,3.38,2.5,2.12,1.75,2.62,2.88,3.12,3.62,1.75,1.62,1.75,3.5,1.5,2.62,3.88,1.0,1.12,3.25,3.38,4.0,2.38,2.25,1.38,3.0,1.62,3.38
41-9022,Real Estate Sales Agents,0.86,3.12,4.0,3.12,3.75,3.62,1.0,1.0,1.0,2.62,3.25,2.5,2.12,1.75,2.75,3.12,3.0,3.88,1.75,1.75,1.75,3.62,1.62,2.12,3.38,1.0,1.12,3.5,3.75,4.0,2.62,2.62,1.62,3.38,1.75,3.38
41-9031,Sales Engineers,0.0,3.75,4.0,3.88,3.38,4.0,1.0,1.88,1.0,3.38,4.0,3.0,2.38,2.25,2.62,3.0,2.88,3.88,1.62,2.75,1.88,4.12,1.88,1.88,4.0,1.0,2.12,3.75,4.0,4.12,3.62,3.5,2.75,3.5,1.75,3.75
41-9041,Telemarketers,0.99,2.0,4.0,2.38,2.5,3.0,1.0,1.0,1.0,2.25,2.38,1.5,1.25,1.25,1.62,1.38,2.25,3.0,1.12,1.38,1.25,4.12,1.25,1.12,3.25,1.0,1.0,3.5,3.25,4.12,1.75,1.62,1.25,2.38,1.0,2.5
41-9091,"Door-to-Door Sales Workers, News and Street Vendors, and Related Workers",0.94,2.62,3.38,2.62,3.25,2.88,1.0,1.0,1.0,2.38,3.0,2.25,1.62,1.75,1.88,1.88,2.75,3.25,1.38,1.75,1.38,4.0,1.62,1.12,3.0,1.0,1.0,3.62,3.75,4.0,2.0,2.12,1.75,2.75,1.0,2.88
43-1011,First-Line Supervisors of Office and Administrative Support Workers,0.01,3.75,4.0,3.38,4.0,3.88,1.0,1.0,1.0,3.75,3.75,3.62,2.5,2.75,3.75,2.75,4.0,3.62,1.12,2.38,2.25,3.62,1.88,2.88,4.0,1.0,1.0,3.62,4.0,4.0,3.0,3.12,1.5,3.75,2.0,3.75
43-2011,"Switchboard Operators, Including Answering Service",0.96,2.5,4.0,2.5,3.0,2.75,1.0,1.0,1.0,2.0,2.62,2.0,1.0,1.0,1.88,1.88,2.88,2.12,1.75,1.38,2.0,2.38,1.25,1.62,3.0,1.0,1.0,3.12,3.5,3.88,2.0,1.88,1.0,2.75,1.5,2.75
43-2021,Telephone Operators,0.97,2.25,4.0,2.62,2.5,3.0,1.0,1.0,1.0,2.0,2.25,2.0,1.38,1.38,2.0,1.88,2.75,1.88,1.25,1.12,1.75,2.0,1.38,1.12,3.0,1.0,1.0,3.5,3.12,4.0,2.0,1.88,1.25,2.5,1.0,2.25
43-3011,Bill and Account Collectors,0.95,2.88,3.88,2.88,2.88,3.12,1.0,1.0,1.0,2.38,2.88,2.12,1.5,1.5,2.12,2.62,3.0,3.0,1.0,1.12,1.88,3.38,1.25,1.62,3.12,1.0,1.0,3.0,3.38,3.88,2.25,2.0,1.0,3.0,1.5,3.25
43-3021,Billing and Posting Clerks,0.96,2.75,3.12,2.88,2.75,3.12,1.38,1.38,1.0,2.12,2.88,2.38,1.5,1.62,2.25,3.25,3.12,2.25,1.5,1.25,1.88,2.12,2.0,1.75,3.62,1.5,1.12,2.88,2.88,3.12,2.25,2.25,1.25,3.12,1.62,3.0
43-3031,"Bookkeeping, Accounting, and Auditing Clerks",0.98,2.75,3.25,2.88,2.88,3.25,1.0,1.0,1.0,2.12,2.75,2.0,2.0,1.75,2.12,3.38,3.0,2.25,1.12,1.38,1.62,2.25,1.38,1.12,3.25,1.0,1.12,2.88,2.75,3.12,2.12,2.12,1.12,3.0,1.0,3.12
43-3041,Gambling Cage Workers,0.39,2.38,3.25,2.25,2.88,3.0,1.0,1.0,1.0,2.88,2.88,2.38,1.88,1.5,2.25,3.25,3.0,2.88,2.0,1.12,2.12,2.88,1.25,2.0,3.0,1.0,1.0,3.0,3.0,3.5,2.0,2.0,1.0,3.0,1.38,3.0
43-3051,Payroll and Timekeeping Clerks,0.97,2.75,3.75,3.0,2.75,3.12,1.0,1.0,1.0,2.25,2.88,2.25,1.25,1.0,2.0,3.25,3.0,2.0,1.0,1.25,1.88,2.0,1.88,1.62,3.88,1.0,1.0,3.0,2.88,3.12,2.12,2.0,1.38,2.88,1.0,3.12
43-3061,Procurement Clerks,0.98,3.25,3.88,3.5,3.12,3.75,1.0,1.0,1.0,2.5,3.5,2.38,2.38,2.38,2.75,3.0,3.62,2.88,1.0,1.88,1.25,2.88,1.38,1.62,4.0,1.0,1.0,3.12,3.62,4.0,2.25,2.25,1.5,3.0,1.0,3.62
43-3071,Tellers,0.98,2.88,3.5,2.88,2.88,3.12,1.0,1.0,1.0,2.88,2.88,2.25,1.62,1.5,2.38,3.0,3.12,2.5,2.0,1.12,2.0,2.75,1.25,1.88,3.12,1.0,1.0,3.12,3.12,3.25,2.12,2.38,1.38,3.0,1.5,3.0
43-4011,Brokerage Clerks,0.98,3.0,3.88,2.88,2.88,3.38,1.0,1.0,1.0,2.5,3.0,2.62,2.0,1.88,2.62,3.0,3.12,2.88,1.12,1.75,1.88,2.5,2.0,1.12,3.75,1.0,1.0,3.0,3.0,3.88,2.88,2.5,1.0,3.5,1.0,3.12
43-4021,Correspondence Clerks,0.86,2.75,3.75,2.88,2.88,3.38,1.0,1.0,1.0,2.25,3.25,2.62,1.38,1.5,2.25,2.75,2.88,2.62,1.12,1.25,1.38,2.75,1.38,1.5,3.75,1.0,1.25,3.0,3.12,3.5,2.12,2.12,1.25,3.0,1.0,4.0
43-4031,"Court, Municipal, and License Clerks",0.46,2.62,3.62,2.88,3.0,3.25,1.25,1.38,1.0,2.38,3.0,2.5,1.75,1.5,2.75,2.38,3.0,2.12,1.5,1.25,1.75,2.38,1.75,1.75,3.38,1.25,1.12,3.12,3.25,3.62,2.5,2.25,1.5,3.12,1.25,3.38
43-4041,"Credit Authorizers, Checkers, and Clerks",0.97,2.62,3.62,2.75,3.0,3.25,1.0,1.0,1.0,2.75,3.0,2.5,1.88,1.75,2.62,2.5,3.0,2.38,1.12,1.25,1.0,2.62,1.62,1.25,3.62,1.0,1.12,3.0,3.12,3.62,2.12,2.12,1.0,3.12,1.0,3.12
43-4051,Customer Service Representatives,0.55,2.88,4.0,3.12,2.88,3.25,1.0,1.0,1.0,2.75,2.88,2.62,1.38,1.38,2.38,2.25,3.0,3.0,1.0,1.62,1.75,3.0,1.5,1.12,3.38,1.0,1.0,4.0,3.0,3.88,2.25,2.25,1.88,3.12,1.0,3.0
43-4061,"Eligibility Interviewers, Government Programs",0.7,3.12,4.0,3.12,3.12,3.5,1.0,1.0,1.0,2.12,3.25,2.5,1.12,1.0,2.25,2.25,3.12,3.0,1.0,1.0,1.5,2.88,1.25,1.0,3.88,1.0,1.25,3.62,3.75,4.25,2.12,2.25,1.25,3.0,1.0,3.75
43-4071,File Clerks,0.97,2.88,3.38,2.88,2.88,3.0,1.0,1.12,1.0,2.25,2.75,2.25,1.88,2.0,2.25,2.12,3.12,2.38,2.0,1.75,1.75,2.25,1.5,2.0,3.88,1.0,1.0,3.12,3.0,3.25,2.0,2.25,1.38,3.0,1.12,3.12
43-4081,"Hotel, Motel, and Resort Desk Clerks",0.94,2.75,3.38,3.0,3.12,2.88,1.0,1.0,1.0,2.88,3.0,2.62,1.62,1.38,3.0,2.62,3.0,2.88,1.12,1.0,2.12,2.88,1.75,2.0,3.0,1.0,1.0,3.62,3.75,3.75,2.25,2.25,1.88,3.0,1.38,2.88
43-4111,"Interviewers, Except Eligibility and Loan",0.94,2.88,4.0,3.12,3.0,3.25,1.0,1.0,1.0,2.88,2.62,2.88,1.5,1.5,2.88,2.25,3.0,3.0,1.0,1.88,2.0,3.0,1.88,1.12,3.5,1.0,1.0,3.25,3.38,3.88,2.25,2.12,1.25,3.25,1.0,3.25
43-4121,"Library Assistants, Clerical",0.95,2.25,3.25,2.88,3.0,3.0,1.25,1.0,1.0,2.75,2.75,2.5,1.88,2.0,2.25,2.12,2.88,2.0,1.0,1.12,1.75,2.12,1.5,2.0,3.25,1.25,1.0,3.38,2.88,3.0,2.0,2.0,1.38,2.88,1.25,3.0
43-4131,Loan Interviewers and Clerks,0.92,3.38,4.12,3.5,3.0,3.75,1.0,1.0,1.0,3.0,3.38,2.62,2.12,1.25,2.0,3.12,3.0,2.88,1.0,2.0,1.88,3.0,1.75,1.75,3.88,1.0,1.12,3.0,3.38,4.0,2.5,2.5,1.75,3.25,1.5,3.62
43-4141,New Accounts Clerks,0.99,2.75,4.0,2.75,3.12,3.12,1.0,1.0,1.0,2.38,3.0,2.5,1.38,1.12,2.12,2.88,3.12,2.38,1.25,1.38,1.62,3.0,1.62,1.62,3.5,1.0,1.0,3.38,3.25,4.0,2.38,2.0,1.25,2.88,1.0,3.0
43-4151,Order Clerks,0.98,3.0,4.0,2.88,3.0,3.12,1.0,1.0,1.0,2.38,3.12,2.38,1.62,1.75,2.12,3.0,3.12,2.88,1.62,1.5,1.62,3.0,1.38,2.25,3.5,1.0,1.0,3.5,3.0,3.88,2.25,2.12,1.25,2.88,1.5,3.12
43-4161,"Human Resources Assistants, Except Payroll and Timekeeping",0.9,3.0,4.0,3.0,3.0,3.38,1.0,1.0,1.0,2.5,3.0,2.5,1.62,1.62,2.38,2.0,3.38,2.62,1.25,1.75,1.75,2.88,1.75,1.25,4.0,1.0,1.12,3.0,3.38,3.75,2.25,2.25,1.62,3.12,1.0,3.5
43-4171,Receptionists and Information Clerks,0.96,2.75,3.75,2.75,3.0,3.12,1.0,1.0,1.0,2.62,2.38,2.12,1.38,1.38,2.0,2.0,2.88,2.25,1.0,1.12,1.62,2.62,1.38,1.88,3.12,1.0,1.0,3.62,3.12,3.88,2.0,2.0,1.0,2.88,1.38,3.0
43-4181,Reservation and Transportation Ticket Agents and Travel Clerks,0.61,3.0,4.0,3.0,3.12,3.38,1.0,1.0,1.0,2.88,3.12,2.62,1.38,1.38,2.25,2.62,3.0,2.88,1.5,1.75,2.12,3.25,1.88,1.88,3.5,1.0,1.0,4.0,3.62,4.0,2.75,2.38,1.5,3.12,1.38,3.12
43-5011,Cargo and Freight Agents,0.99,2.94,3.44,3.06,3.38,3.32,1.56,1.56,1.06,2.62,2.88,2.38,1.88,2.12,2.31,2.62,3.25,3.18,1.56,1.88,2.32,3.0,1.5,1.94,3.5,1.5,1.0,3.12,3.12,3.44,2.62,2.5,1.56,3.18,1.75,3.12
43-5021,Couriers and Messengers,0.94,2.62,3.25,2.62,2.75,3.0,1.75,1.12,1.0,1.88,2.88,2.12,1.62,1.62,1.88,2.5,2.75,2.12,2.62,1.38,2.5,2.38,1.0,1.88,3.0,1.12,1.12,3.0,2.75,3.25,2.0,2.0,1.38,3.25,1.88,3.0
43-5031,Public Safety Telecommunicators,0.49,3.12,4.38,3.25,3.75,3.75,1.5,1.5,1.12,3.0,3.38,2.75,1.88,2.0,2.5,2.0,3.12,2.88,2.0,2.0,2.5,3.12,1.88,2.0,3.62,1.62,1.38,3.75,3.88,4.12,2.62,2.0,1.75,2.88,2.12,3.0
43-5032,"Dispatchers, Except Police, Fire, and Ambulance",0.96,3.0,4.0,3.12,3.88,3.12,1.0,1.0,1.0,2.75,3.12,2.75,1.75,1.88,2.38,2.12,3.88,2.62,1.25,1.62,2.0,2.75,1.38,2.0,3.75,1.0,1.12,3.12,3.12,4.0,2.88,2.75,1.62,3.75,1.62,3.12
43-5041,"Meter Readers, Utilities",0.85,2.75,3.0,2.88,2.62,3.0,2.0,1.62,1.12,2.5,2.62,2.38,1.88,1.88,2.12,2.38,2.88,2.38,2.88,1.5,2.88,2.5,1.88,2.38,3.0,2.0,1.12,3.0,2.75,3.0,2.0,2.0,1.5,3.0,2.5,2.62
43-5051,Postal Service Clerks,0.95,2.62,3.38,2.75,2.75,3.0,1.0,1.0,1.0,2.0,2.88,2.12,1.88,1.88,2.12,2.75,3.0,2.25,1.75,1.5,2.0,2.62,1.62,2.0,3.12,1.0,1.0,3.12,3.0,3.25,2.0,2.0,1.5,3.0,1.88,2.88
43-5052,Postal Service Mail Carriers,0.68,2.0,3.0,2.25,2.75,3.0,1.0,1.0,1.0,1.12,2.62,1.75,1.12,1.38,1.0,1.62,2.62,2.0,2.25,1.75,2.25,2.0,1.0,1.75,2.62,1.0,1.0,2.62,3.0,3.0,2.0,2.0,1.0,2.88,1.12,2.12
43-5053,"Postal Service Mail Sorters, Processors, and Processing Machine Operators",0.79,2.12,2.88,2.5,3.0,3.0,1.62,1.12,1.0,2.25,2.88,2.12,1.0,1.0,2.12,2.0,3.12,1.75,2.75,1.5,2.88,2.0,1.62,2.25,3.0,1.38,1.0,2.5,2.75,3.0,2.12,1.88,1.0,2.88,2.12,2.25
43-5061,"Production, Planning, and Expediting Clerks",0.88,2.75,3.5,3.12,3.0,3.38,1.0,1.12,1.0,2.12,2.88,2.38,2.25,2.62,2.5,2.62,3.12,2.62,1.5,1.62,2.12,2.62,1.88,2.25,3.62,1.0,1.12,2.62,2.88,3.62,2.88,2.75,1.88,3.5,2.0,3.12
43-5071,"Shipping, Receiving, and Inventory Clerks",0.98,2.38,3.12,2.88,2.88,3.0,1.0,1.25,1.0,2.5,2.88,2.12,1.88,2.0,2.12,2.25,3.0,2.38,2.0,1.38,2.25,2.75,1.62,2.12,3.12,1.0,1.0,2.62,2.88,3.25,2.12,2.12,1.88,3.0,2.0,2.62
43-5111,"Weighers, Measurers, Checkers, and Samplers, Recordkeeping",0.95,2.75,3.0,2.88,3.0,3.38,1.75,1.75,1.0,2.5,2.88,2.75,1.62,1.62,2.38,2.88,3.12,2.5,2.0,1.25,2.62,2.88,1.75,3.0,3.25,1.62,1.5,3.0,3.0,3.12,2.38,2.25,1.38,2.88,1.75,2.88
43-6011,Executive Secretaries and Executive Administrative Assistants,0.86,3.12,4.0,2.88,3.38,3.25,1.0,1.12,1.0,2.88,3.12,2.88,1.88,2.0,2.38,2.75,3.12,3.0,1.25,1.5,1.75,2.88,1.88,2.12,4.0,1.12,1.38,3.75,3.25,3.88,2.75,2.62,1.75,3.25,1.0,3.75
43-6012,Legal Secretaries and Administrative Assistants,0.98,2.75,4.0,2.88,3.0,3.0,1.0,1.0,1.0,2.12,2.75,2.25,1.25,1.0,2.12,2.12,3.0,2.12,1.0,1.25,2.0,2.38,1.38,2.0,4.0,1.0,1.0,3.0,3.0,3.75,2.0,2.0,1.38,3.25,1.25,3.88
43-6013,Medical Secretaries and Administrative Assistants,0.81,2.25,3.88,3.12,3.12,3.12,1.0,1.0,1.0,2.12,2.88,2.12,1.38,1.62,2.62,2.12,3.0,1.88,1.25,1.62,1.75,2.12,1.38,1.12,3.5,1.0,1.12,3.62,3.0,4.0,2.0,2.0,1.25,3.12,1.0,3.12
43-6014,"Secretaries and Administrative Assistants, Except Legal, Medical, and Executive",0.96,2.88,4.0,2.88,3.12,3.0,1.0,1.0,1.0,2.12,3.0,2.12,1.62,1.75,2.62,2.0,3.12,2.38,1.25,1.88,1.88,2.25,1.62,1.88,3.88,1.0,1.0,3.5,3.0,4.0,2.0,2.0,1.5,3.5,1.0,3.75
43-9021,Data Entry Keyers,0.99,2.75,3.38,2.88,2.75,2.88,1.0,1.5,1.0,2.62,2.62,2.12,1.88,1.88,2.62,2.0,3.25,2.12,1.0,1.12,2.0,2.38,1.75,2.0,3.62,1.0,1.0,2.75,2.62,2.88,2.0,2.0,1.38,3.0,1.0,3.0
43-9022,Word Processors and Typists,0.81,2.25,3.25,2.0,2.62,2.75,1.62,1.12,1.0,1.75,2.5,1.88,1.38,1.62,1.88,2.62,3.0,2.0,1.62,1.62,1.75,2.12,1.75,2.38,3.5,1.0,1.0,2.88,2.62,3.0,2.25,1.88,1.75,3.0,1.5,3.25
43-9031,Desktop Publishers,0.16,3.0,3.5,3.12,2.88,3.75,1.5,1.62,1.0,2.75,3.62,2.88,2.0,2.0,2.88,2.0,3.0,2.5,2.0,2.88,2.38,2.62,2.62,2.5,3.75,1.62,1.0,2.88,3.0,3.5,2.75,2.62,1.88,3.12,1.75,3.12
43-9041,Insurance Claims and Policy Processing Clerks,0.98,2.62,3.25,3.0,3.12,3.25,1.0,1.0,1.0,2.5,3.0,2.62,1.5,1.38,2.0,2.38,3.0,2.88,1.25,1.38,1.88,2.75,1.62,1.62,3.5,1.0,1.12,3.12,3.12,3.38,2.62,2.62,1.12,3.5,1.12,3.12
43-9051,"Mail Clerks and Mail Machine Operators, Except Postal Service",0.94,2.25,2.88,2.25,2.88,3.0,1.88,1.62,1.0,2.0,2.88,2.12,1.75,1.75,1.88,2.25,3.0,1.75,2.88,1.12,2.88,1.88,1.5,2.38,3.0,1.75,1.12,2.62,2.75,3.0,2.12,2.0,1.25,3.0,2.12,2.88
43-9061,"Office Clerks, General",0.96,2.75,3.75,2.62,3.0,3.0,1.0,1.0,1.0,2.75,2.75,2.12,1.62,1.88,2.12,2.12,2.88,2.62,1.38,1.12,2.12,2.62,1.25,1.75,3.75,1.0,1.0,3.0,3.0,3.62,2.0,2.0,1.38,3.0,1.5,3.12
43-9071,"Office Machine Operators, Except Computer",0.92,2.75,3.0,2.88,2.75,3.0,2.75,2.5,1.12,2.12,3.0,2.0,2.12,2.25,2.5,2.5,3.0,2.25,3.25,1.62,3.12,2.25,1.75,2.75,3.12,2.62,1.0,2.75,2.88,3.0,2.62,2.12,1.75,3.0,2.75,2.88
43-9081,Proofreaders and Copy Markers,0.84,2.5,3.12,2.38,2.25,3.0,1.0,1.0,1.0,1.75,2.5,2.0,1.0,1.0,1.62,1.88,2.88,1.75,1.0,1.38,1.0,1.88,1.25,2.38,4.25,1.0,1.12,1.75,2.25,3.25,2.0,2.0,1.0,2.75,1.0,3.62
43-9111,Statistical Assistants,0.66,3.62,3.38,3.62,2.88,3.75,1.0,1.0,1.0,2.75,3.25,2.88,1.38,1.38,2.62,4.38,3.0,2.62,1.0,1.88,1.38,2.75,3.0,2.25,3.75,1.0,2.12,2.88,2.88,3.38,2.5,2.5,1.88,3.25,1.0,3.5
45-1011,"First-Line Supervisors of Farming, Fishing, and Forestry Workers",0.57,3.0,3.38,3.25,3.75,3.75,2.5,2.5,1.12,3.38,3.25,3.25,2.75,2.75,3.5,2.88,3.62,3.0,3.0,1.5,3.38,3.0,1.5,3.12,3.5,2.25,2.25,2.62,3.38,3.62,3.0,3.0,1.88,3.5,2.75,3.12
45-2011,Agricultural Inspectors,0.94,3.25,3.75,3.12,3.12,3.62,1.0,1.12,1.0,3.0,3.25,2.88,1.62,1.75,2.62,2.62,3.75,2.88,2.5,1.75,3.25,2.88,1.5,4.12,3.75,1.0,2.75,2.88,2.75,3.5,3.12,3.12,1.75,2.88,2.0,3.12
45-2021,Animal Breeders,0.95,3.0,3.0,3.0,2.5,3.25,1.0,1.38,1.0,1.88,3.0,2.12,2.12,2.0,2.0,2.12,3.0,1.75,2.62,1.62,2.88,2.38,1.5,2.62,2.88,1.0,3.0,2.38,2.62,3.0,2.38,2.12,1.25,2.75,2.0,2.75
45-2041,"Graders and Sorters, Agricultural Products",0.41,2.12,2.75,2.12,2.5,2.5,1.0,1.0,1.0,1.62,2.25,1.62,1.12,1.12,1.38,1.62,2.88,1.75,1.5,1.0,1.62,1.88,1.0,1.88,2.25,1.0,1.25,1.88,2.12,2.75,1.88,1.62,1.0,2.25,1.5,2.25
45-4011,Forest and Conservation Workers,0.87,3.0,3.0,2.88,3.0,3.12,2.25,2.12,1.0,2.25,3.0,2.62,1.38,1.62,2.12,2.12,3.12,2.0,2.62,1.25,2.75,2.38,1.38,2.12,3.0,2.12,2.0,2.38,2.75,3.0,2.25,2.0,1.38,2.88,2.12,2.62
45-4021,Fallers,0.76,2.38,2.88,2.62,2.5,3.25,2.88,2.62,1.0,2.0,3.0,1.38,1.88,1.88,2.0,2.38,3.25,2.0,3.38,2.12,3.25,2.25,1.0,2.62,2.0,2.75,1.75,2.12,2.25,2.62,1.12,2.0,1.0,2.5,2.75,1.88
45-4022,Logging Equipment Operators,0.79,2.25,3.0,2.88,2.75,2.88,3.12,2.75,1.12,2.25,2.88,2.25,1.75,1.88,2.25,2.38,3.0,2.25,4.0,1.5,3.75,2.38,1.0,3.0,2.5,2.88,1.5,2.25,2.75,2.75,2.38,2.25,1.25,2.88,3.0,2.75
45-4023,Log Graders and Scalers,0.97,3.0,3.25,2.88,3.0,3.25,1.62,1.75,1.0,2.5,3.0,2.38,1.75,1.88,2.38,2.75,3.0,2.62,2.75,1.62,2.88,2.75,1.5,2.5,2.88,1.38,1.75,2.62,2.75,3.12,2.5,2.12,1.38,2.88,2.0,3.0
47-1011,First-Line Supervisors of Construction Trades and Extraction Workers,0.17,3.0,3.62,3.12,3.82,3.56,2.06,2.56,1.44,3.19,3.25,3.06,2.38,2.5,3.68,2.75,3.56,3.06,2.82,2.25,2.94,3.19,1.38,3.06,3.5,2.06,1.75,3.0,3.12,3.68,2.94,2.94,1.69,3.56,2.31,3.0
47-2011,Boilermakers,0.68,3.0,3.0,3.0,2.88,3.5,3.12,3.0,2.0,2.62,3.0,2.75,1.62,1.75,2.0,2.12,3.0,2.0,3.75,2.75,4.0,2.0,1.12,3.12,3.0,3.12,1.75,2.5,2.75,3.0,2.12,2.0,1.62,3.0,3.12,2.62
47-2021,Brickmasons and Blockmasons,0.82,2.88,3.0,2.88,3.12,3.12,2.0,2.62,1.12,2.25,2.88,2.12,1.88,2.0,2.25,2.88,3.0,2.25,2.62,2.12,3.0,2.5,1.0,3.0,2.75,2.0,1.75,2.25,2.75,3.0,2.12,2.0,1.62,3.0,2.0,2.25
47-2022,Stonemasons,0.89,2.75,3.0,3.25,3.12,3.5,2.0,2.25,1.0,2.62,3.25,2.62,1.62,2.25,2.88,3.0,3.0,2.62,2.88,1.75,3.12,2.62,1.0,2.75,3.0,2.25,1.62,2.62,2.62,3.0,2.62,2.25,1.88,3.25,2.25,2.62
47-2031,Carpenters,0.72,3.0,3.38,3.0,3.25,3.38,2.25,2.75,2.25,2.62,3.0,2.75,1.88,2.38,2.62,3.0,3.38,2.5,2.88,1.75,2.88,2.5,1.5,3.12,3.12,2.38,1.38,2.75,2.75,3.12,2.5,2.62,1.75,3.0,2.38,2.88
47-2041,Carpet Installers,0.87,2.62,2.88,2.75,3.12,3.0,1.75,2.25,1.38,2.5,2.88,2.38,1.5,2.0,2.5,3.0,3.12,2.25,2.5,2.0,2.62,2.38,1.0,3.0,2.62,1.88,1.0,2.62,2.88,2.88,2.0,2.12,1.62,3.0,2.12,2.0
47-2042,"Floor Layers, Except Carpet, Wood, and Hard Tiles",0.79,2.75,3.12,2.75,2.88,2.88,1.0,1.62,1.0,2.38,2.88,2.12,1.12,1.25,2.38,2.12,2.88,2.5,2.38,1.88,2.25,2.38,1.0,2.0,2.38,1.0,1.25,2.38,2.88,3.12,1.75,1.75,1.25,2.88,1.62,2.38
47-2043,Floor Sanders and Finishers,0.87,2.62,3.0,2.75,3.0,2.75,2.25,2.12,1.0,2.12,2.62,2.12,1.38,1.62,1.88,2.0,2.88,2.0,3.12,1.38,2.88,2.12,1.0,2.62,2.62,2.12,1.12,2.5,2.38,2.75,2.0,2.0,1.38,2.88,2.12,2.12
47-2044,Tile and Stone Setters,0.75,2.38,3.12,3.0,3.0,3.0,2.0,2.12,1.5,2.62,2.75,2.12,1.5,2.0,2.25,3.0,2.75,2.38,2.25,1.75,2.5,2.25,1.0,2.62,2.88,2.0,1.12,2.62,2.5,3.0,2.12,2.0,1.62,3.0,2.0,2.0
47-2051,Cement Masons and Concrete Finishers,0.94,2.12,3.0,3.0,3.12,3.0,2.0,2.12,1.38,2.5,3.0,2.38,1.75,1.88,2.5,2.62,3.25,2.0,2.88,1.38,2.75,2.12,1.12,3.12,2.38,1.88,1.25,2.25,2.5,3.12,2.0,2.0,1.75,3.12,2.38,2.0
47-2053,Terrazzo Workers and Finishers,0.88,2.38,2.5,2.62,3.0,2.62,2.12,2.5,1.25,2.12,2.88,2.12,1.62,1.88,2.12,2.38,2.75,1.88,2.75,1.88,2.75,2.0,1.0,3.0,2.12,2.0,1.62,2.38,2.62,2.88,2.0,1.88,1.38,2.75,2.12,1.88
47-2061,Construction Laborers,0.88,2.12,3.12,2.75,3.12,2.75,2.5,2.62,1.88,2.12,2.38,2.12,1.5,1.62,2.0,2.0,2.62,2.0,3.12,1.62,3.0,2.0,1.0,2.12,2.75,2.25,1.5,2.12,2.62,3.25,1.88,2.0,1.5,2.5,2.25,2.25
47-2071,"Paving, Surfacing, and Tamping Equipment Operators",0.83,2.62,2.88,2.62,3.0,3.0,2.88,2.5,1.62,2.0,2.88,2.25,1.5,1.5,1.88,2.0,3.25,1.88,3.38,1.5,3.62,1.88,1.0,2.75,2.5,3.0,1.12,2.0,2.5,2.88,2.12,2.12,1.62,2.75,3.0,1.88
47-2072,Pile Driver Operators,0.82,2.0,3.0,2.75,3.0,2.88,3.25,2.12,1.0,2.12,2.75,1.88,1.5,1.75,1.88,2.12,3.25,1.88,4.12,1.12,4.0,1.88,1.0,2.88,2.5,2.75,1.38,2.0,2.5,2.75,2.0,2.0,1.5,2.88,3.12,2.25
47-2073,Operating Engineers and Other Construction Equipment Operators,0.95,2.88,3.0,2.88,2.88,2.88,3.25,2.38,1.38,2.38,2.88,2.12,1.75,1.88,2.12,2.0,3.12,2.0,4.12,1.75,3.25,2.25,1.12,2.88,2.88,2.88,1.5,2.25,2.75,2.88,2.0,2.0,1.75,3.0,3.0,2.0
47-2081,Drywall and Ceiling Tile Installers,0.79,2.12,2.75,2.62,2.88,3.0,1.88,2.38,1.75,2.12,2.88,2.0,1.62,1.75,2.0,2.25,2.88,1.75,2.5,1.88,2.5,2.0,1.0,2.5,2.75,1.62,1.12,2.0,2.5,2.88,2.0,2.0,1.75,2.88,2.0,2.12
47-2082,Tapers,0.62,2.25,2.88,2.12,2.5,2.62,1.62,1.62,1.62,2.12,2.38,2.12,1.0,1.62,2.12,1.62,2.88,2.0,2.12,1.75,2.25,2.0,1.0,2.12,2.25,1.5,1.12,2.12,2.62,2.88,2.0,2.0,1.12,2.75,2.0,2.0
47-2111,Electricians,0.15,3.25,3.38,3.12,3.12,3.38,3.0,3.0,3.25,3.0,3.25,3.0,2.38,2.38,2.88,3.0,3.12,2.25,3.0,2.75,3.12,3.0,1.0,3.25,3.12,3.5,2.0,3.0,2.88,3.38,3.0,2.88,2.12,3.0,4.0,3.0
47-2121,Glaziers,0.73,2.25,2.88,2.88,3.0,3.0,1.88,2.12,2.25,2.12,2.88,2.12,1.88,1.88,2.12,2.0,2.75,2.12,2.88,1.75,2.88,2.25,1.0,2.25,3.0,1.88,1.5,2.5,2.88,3.0,2.0,2.0,1.75,3.0,2.0,2.25
47-2131,"Insulation Workers, Floor, Ceiling, and Wall",0.83,2.62,3.0,2.75,2.88,3.0,2.0,2.25,1.25,2.25,2.62,2.12,2.0,2.0,2.12,2.25,2.88,2.5,3.0,1.88,2.88,2.62,1.0,2.62,2.62,2.12,1.0,2.38,2.75,3.0,2.0,2.0,1.75,2.75,2.38,2.12
47-2132,"Insulation Workers, Mechanical",0.64,2.75,3.0,2.62,3.0,3.0,1.38,1.75,2.12,2.5,2.88,2.12,1.38,1.75,2.25,2.12,3.0,2.12,2.62,1.88,2.75,2.0,1.0,2.75,2.75,1.38,1.38,2.12,2.62,2.88,2.0,2.0,1.5,3.0,2.12,2.0
47-2141,"Painters, Construction and Maintenance",0.75,2.0,3.0,1.88,2.88,3.0,1.38,1.75,1.0,2.0,2.75,2.0,1.75,1.88,2.0,2.0,2.88,1.88,2.0,1.62,2.0,2.0,1.0,2.0,2.75,1.62,1.5,2.38,2.88,2.38,1.88,2.0,1.38,3.0,1.88,2.0
47-2142,Paperhangers,0.87,2.0,3.0,2.75,3.0,2.88,1.0,1.5,1.12,2.0,2.75,2.0,1.25,1.5,2.12,2.0,2.75,2.0,2.38,1.38,2.38,2.12,1.0,2.25,2.38,1.0,1.25,2.38,2.62,3.0,1.62,1.62,1.25,2.88,2.0,2.0
47-2151,Pipelayers,0.62,2.0,3.0,2.38,3.0,3.0,2.62,2.62,2.75,2.0,2.88,2.12,1.5,1.5,2.0,2.0,2.62,2.0,3.12,1.0,3.0,2.0,1.0,3.0,2.88,2.75,1.0,2.0,2.62,3.0,2.0,1.88,1.62,2.88,2.75,2.0
47-2152,"Plumbers, Pipefitters, and Steamfitters",0.35,2.81,3.06,3.0,2.94,3.38,2.81,2.82,3.75,2.81,3.18,2.44,1.82,1.88,2.44,2.56,3.18,2.38,2.94,1.75,3.12,2.5,1.56,3.06,3.13,3.06,1.62,2.88,2.82,3.12,2.82,2.82,2.06,3.06,3.18,2.82
47-2161,Plasterers and Stucco Masons,0.84,2.75,3.0,2.75,2.88,2.75,1.5,2.12,1.75,2.5,2.75,2.62,1.88,2.25,2.62,2.0,2.88,2.25,2.75,1.88,2.88,2.25,1.0,3.0,2.75,1.62,1.12,2.88,2.75,2.88,2.12,2.12,1.75,3.0,2.12,2.12
47-2171,Reinforcing Iron and Rebar Workers,0.9,2.38,2.62,2.75,3.12,3.0,1.75,2.0,1.12,2.25,2.88,2.25,1.62,1.75,2.12,2.38,2.88,1.88,2.88,1.88,2.75,1.88,1.0,2.62,2.62,1.62,1.25,2.0,2.5,2.62,2.12,1.88,1.75,2.75,2.0,1.88
47-2181,Roofers,0.9,2.62,3.12,2.88,3.62,3.12,1.88,2.0,1.75,2.5,2.75,2.12,1.88,2.0,2.12,2.25,3.0,2.0,3.0,1.75,3.0,2.25,1.0,2.38,2.75,1.75,1.25,2.38,2.75,3.0,2.0,2.0,1.75,3.0,2.12,2.0
47-2211,Sheet Metal Workers,0.82,2.88,3.0,2.88,3.12,3.12,2.88,2.62,2.62,2.88,3.0,2.5,1.5,1.75,2.62,3.0,3.12,2.12,2.88,2.12,2.88,2.12,1.38,2.75,3.12,2.88,1.62,2.25,2.5,3.0,2.38,2.25,1.75,3.0,2.88,2.25
47-2221,Structural Iron and Steel Workers,0.83,3.0,3.12,3.0,3.62,3.12,2.25,2.12,1.75,2.88,3.0,2.88,1.75,2.0,2.88,2.12,3.0,2.12,3.62,2.0,3.62,2.38,1.0,3.0,2.75,2.25,1.12,2.75,2.88,3.0,2.0,2.0,2.0,3.0,2.5,2.25
47-3011,"Helpers--Brickmasons, Blockmasons, Stonemasons, and Tile and Marble Setters",0.83,2.38,2.88,2.62,3.0,3.0,2.38,2.38,1.25,2.5,2.88,2.25,1.62,1.88,1.88,2.25,3.0,1.88,3.0,1.88,2.75,1.88,1.0,2.5,2.38,2.25,1.25,2.0,2.75,2.75,2.0,2.0,1.88,3.0,2.75,2.0
47-3012,Helpers--Carpenters,0.92,2.88,3.0,3.0,3.0,3.0,2.38,2.88,2.25,2.38,2.88,2.12,1.88,2.0,2.0,2.38,3.0,2.12,2.25,1.62,2.88,2.25,1.0,2.38,2.88,2.62,1.0,2.25,3.0,3.0,2.0,2.0,1.88,2.88,2.25,2.25
47-3013,Helpers--Electricians,0.74,2.88,3.25,2.88,3.0,3.12,2.75,2.75,2.88,2.25,3.0,2.25,1.5,2.0,2.0,2.12,2.75,2.0,2.62,1.62,2.88,2.12,1.25,3.0,2.5,2.88,1.88,2.25,2.5,3.12,2.0,2.0,1.25,2.75,3.0,2.38
47-3014,"Helpers--Painters, Paperhangers, Plasterers, and Stucco Masons",0.94,2.38,2.88,2.38,3.0,2.75,2.5,2.25,1.12,2.25,2.5,2.25,1.0,1.12,2.12,1.12,2.75,2.25,2.12,1.0,2.62,2.25,1.0,2.62,2.12,2.5,1.12,2.5,2.62,3.0,2.0,1.88,1.0,2.75,2.5,2.0
47-3015,"Helpers--Pipelayers, Plumbers, Pipefitters, and Steamfitters",0.57,2.62,2.88,2.62,2.75,2.88,2.12,2.38,2.0,2.0,2.88,2.0,1.62,2.12,1.88,2.25,2.88,2.0,2.38,1.25,2.25,2.0,1.0,2.12,2.38,2.62,1.12,2.38,2.5,2.5,1.88,1.75,1.62,2.5,2.38,2.0
47-3016,Helpers--Roofers,0.72,2.62,3.0,2.62,3.25,2.88,2.75,2.62,1.75,2.38,2.75,2.25,1.62,2.0,2.25,2.25,3.0,2.12,2.0,1.0,2.38,2.0,1.38,2.88,2.38,2.25,1.0,2.62,2.62,2.88,2.25,2.12,1.62,2.62,2.38,2.25
47-4011,Construction and Building Inspectors,0.63,3.12,3.75,3.32,2.94,3.82,1.25,1.5,1.25,2.94,3.5,3.0,1.62,1.88,2.69,3.19,3.19,2.94,2.25,2.44,2.88,3.06,1.56,2.94,3.94,1.12,2.62,2.81,2.94,3.82,3.06,3.18,1.88,3.12,2.06,3.37
47-4021,Elevator and Escalator Installers and Repairers,0.39,3.12,3.38,3.38,3.0,3.62,4.0,3.38,3.5,2.25,3.38,2.38,1.62,1.75,2.12,2.25,3.12,2.0,3.25,1.62,3.62,2.38,1.38,3.5,3.12,4.0,1.88,2.5,2.62,3.0,3.12,3.0,1.88,3.0,4.0,2.75
47-4031,Fence Erectors,0.92,2.25,3.0,2.62,3.0,3.0,2.12,2.62,1.12,2.25,2.88,2.25,1.75,2.0,2.25,2.25,3.0,2.0,2.88,1.75,2.88,2.0,1.0,2.62,2.5,2.0,1.12,2.25,2.62,3.0,2.12,2.0,1.5,3.0,2.0,2.0
47-4041,Hazardous Materials Removal Workers,0.53,3.0,3.25,3.0,3.0,3.5,2.62,2.62,1.62,2.88,3.0,2.5,1.88,2.0,2.62,2.0,3.62,2.75,3.38,1.75,3.25,2.88,1.25,3.0,3.12,2.25,2.0,2.88,3.0,3.12,2.75,2.12,1.5,3.0,2.88,3.0
47-4051,Highway Maintenance Workers,0.87,2.38,3.0,3.0,3.12,2.88,2.5,1.88,1.38,2.38,2.88,2.0,1.62,1.62,2.12,2.12,3.12,2.38,3.62,1.12,3.5,2.5,1.12,2.88,2.75,2.38,1.0,2.38,2.88,3.0,2.0,2.0,1.62,2.75,2.88,2.12
47-4061,Rail-Track Laying and Maintenance Equipment Operators,0.89,2.62,3.0,2.88,3.12,3.12,3.25,2.62,1.5,2.38,3.0,2.5,1.75,1.88,2.5,2.25,3.12,1.88,3.75,1.75,3.75,2.12,1.0,3.12,2.38,3.12,1.25,2.25,2.75,2.88,2.12,2.12,1.75,3.0,3.25,2.25
47-4071,Septic Tank Servicers and Sewer Pipe Cleaners,0.83,2.75,3.0,2.88,2.88,3.12,3.0,2.62,2.0,2.5,2.75,2.62,2.0,2.0,2.38,2.38,2.88,2.38,3.88,1.5,3.62,2.38,1.0,3.0,2.75,3.0,1.25,2.75,2.75,2.75,2.12,2.25,1.88,3.0,3.0,2.5
47-4091,Segmental Pavers,0.83,2.62,3.5,2.88,3.25,3.25,2.25,2.0,1.25,2.88,3.12,2.38,1.62,1.62,2.88,2.0,2.88,2.62,3.12,2.25,3.0,3.0,1.0,2.5,2.75,2.25,1.12,3.0,3.12,3.5,2.25,2.25,1.5,3.0,2.38,2.62
47-5011,"Derrick Operators, Oil and Gas",0.8,2.75,3.25,3.25,3.0,3.5,3.12,2.75,1.12,2.88,3.12,2.75,1.88,2.25,3.0,2.38,3.38,2.5,3.88,1.38,4.0,2.5,1.0,3.25,2.88,3.38,1.25,2.38,2.88,3.38,2.25,2.5,1.12,2.88,3.25,2.75
47-5012,"Rotary Drill Operators, Oil and Gas",0.53,2.88,3.38,3.12,3.25,3.62,3.0,2.62,1.12,3.38,3.12,3.0,1.25,1.62,2.88,2.38,3.5,2.88,3.62,1.75,3.62,2.88,1.0,3.0,3.12,3.0,1.25,2.38,2.88,3.25,2.12,2.12,1.38,2.88,3.0,3.0
47-5013,"Service Unit Operators, Oil and Gas",0.93,3.0,3.38,3.12,2.88,3.75,3.12,2.62,2.12,2.88,3.25,2.88,1.88,2.12,3.0,2.75,3.62,2.75,3.75,1.5,4.0,2.75,1.75,3.0,3.0,3.0,1.38,2.75,3.0,3.0,2.62,2.88,1.38,2.75,3.38,3.0
47-5022,"Excavating and Loading Machine and Dragline Operators, Surface Mining",0.94,3.0,3.0,3.0,3.0,3.0,3.0,3.0,1.5,2.5,3.0,2.38,1.75,1.88,2.88,2.25,3.12,2.38,4.12,2.0,3.62,3.0,1.0,2.75,3.0,3.0,1.0,2.5,3.0,3.0,2.25,2.25,1.88,3.0,3.0,2.5
47-5023,"Earth Drillers, Except Oil and Gas",0.85,2.75,3.0,3.0,3.0,3.25,3.25,3.0,1.88,2.75,2.88,2.25,1.75,1.88,2.38,2.25,3.12,2.25,3.88,1.88,4.0,2.38,1.0,3.0,2.75,2.88,1.62,2.38,2.62,3.0,2.25,2.12,1.88,2.88,3.0,2.38
47-5041,Continuous Mining Machine Operators,0.54,2.75,3.0,3.0,2.75,3.25,3.38,2.38,1.88,2.38,3.12,2.38,1.38,1.38,2.62,2.0,3.0,2.0,3.88,1.88,3.88,2.12,1.0,2.88,2.75,3.12,1.38,2.38,2.75,3.0,2.12,2.12,1.62,3.0,3.25,2.12
47-5043,"Roof Bolters, Mining",0.49,2.88,3.12,3.0,3.0,3.38,3.12,2.88,2.0,2.88,3.0,2.25,1.88,2.0,2.25,2.12,3.25,2.12,3.62,1.25,3.25,2.25,1.0,3.0,2.38,3.0,1.5,2.38,2.88,3.0,2.25,2.25,1.12,3.0,3.25,2.12
47-5051,"Rock Splitters, Quarry",0.96,2.12,3.0,2.75,2.75,2.75,2.25,2.0,1.0,2.0,2.62,2.0,1.5,1.5,1.88,1.88,2.88,1.88,3.25,1.25,3.12,2.0,1.0,2.25,2.75,2.12,1.12,2.12,2.5,2.62,1.62,1.62,1.0,2.75,2.38,2.12
47-5071,"Roustabouts, Oil and Gas",0.68,2.5,2.88,2.62,2.75,3.12,2.88,2.38,1.12,2.25,3.0,2.25,1.62,1.88,2.38,2.0,3.0,2.0,3.0,1.12,3.0,2.0,1.0,3.0,2.12,2.88,1.0,2.12,2.88,2.75,2.0,2.0,1.5,2.88,2.75,2.12
47-5081,Helpers--Extraction Workers,0.37,2.88,3.0,2.88,3.12,3.12,3.5,3.12,1.25,2.38,3.0,2.62,1.75,2.0,2.5,2.5,3.75,2.0,3.5,1.0,3.62,2.12,1.0,3.12,2.75,3.38,1.38,2.38,2.75,2.88,2.12,1.88,1.75,2.62,3.38,2.38
49-1011,"First-Line Supervisors of Mechanics, Installers, and Repairers",0.0,3.25,3.62,3.12,3.75,3.75,2.88,2.75,1.75,3.0,3.75,3.12,2.88,2.88,3.88,2.88,4.0,3.0,3.0,2.5,3.38,3.0,1.88,3.62,3.62,2.88,1.75,3.0,3.12,3.75,3.25,3.12,1.88,3.75,3.12,3.0
49-2011,"Computer, Automated Teller, and Office Machine Repairers",0.74,3.0,3.62,3.38,3.0,3.5,3.25,3.25,3.0,2.62,3.0,2.62,1.75,2.12,2.5,1.88,3.0,2.75,2.75,2.12,3.12,2.5,2.12,3.25,3.12,3.62,1.88,3.0,2.88,3.25,2.75,2.38,2.0,3.25,3.38,3.0
49-2021,"Radio, Cellular, and Tower Equipment Installers and Repairers",0.93,3.0,3.25,3.0,3.0,3.25,3.38,2.88,3.38,2.75,3.0,2.62,1.88,1.88,2.38,2.75,3.12,2.38,2.88,1.25,3.12,2.62,2.0,3.12,3.25,3.5,1.75,2.5,3.0,3.25,3.0,2.88,1.88,3.12,3.0,3.0
49-2022,"Telecommunications Equipment Installers and Repairers, Except Line Installers",0.36,3.12,3.5,3.38,3.0,3.62,3.5,3.12,3.25,2.88,3.25,2.88,1.75,1.75,2.5,2.25,3.38,2.5,3.25,1.88,3.62,2.62,2.0,3.62,3.38,3.88,2.0,2.88,3.0,3.25,3.12,2.88,1.88,3.0,3.88,3.0
49-2091,Avionics Technicians,0.7,3.0,3.38,3.5,3.0,3.75,3.88,3.0,2.75,2.88,3.25,2.62,1.5,1.75,2.62,2.12,3.12,2.38,2.5,2.25,3.75,2.88,1.62,3.75,3.25,3.88,2.88,2.75,2.88,3.38,3.0,2.88,1.88,3.12,3.88,3.25
49-2092,"Electric Motor, Power Tool, and Related Repairers",0.76,2.88,3.12,3.62,2.88,3.75,3.88,3.75,3.0,2.5,3.12,2.75,1.88,2.12,2.38,2.62,2.88,2.25,3.25,1.62,3.5,2.5,1.75,3.75,3.0,4.12,2.12,2.75,2.75,3.0,3.0,2.75,1.75,2.88,3.88,2.88
49-2093,"Electrical and Electronics Installers and Repairers, Transportation Equipment",0.91,2.25,3.38,3.12,3.0,3.62,3.0,2.62,2.75,2.12,3.0,2.12,2.0,2.0,2.25,2.12,3.12,2.25,3.0,2.12,3.25,2.88,1.62,3.25,3.12,3.12,2.12,2.25,3.0,3.0,2.25,2.25,2.0,3.0,3.0,3.0
49-2094,"Electrical and Electronics Repairers, Commercial and Industrial Equipment",0.41,3.0,3.12,3.25,2.88,3.75,3.75,3.12,2.88,2.88,3.25,2.88,2.0,2.0,2.5,2.75,3.12,2.25,3.0,2.12,3.88,2.88,2.12,3.75,3.12,3.88,2.75,2.88,3.0,3.12,3.0,2.88,2.12,3.0,3.75,3.0
49-2095,"Electrical and Electronics Repairers, Powerhouse, Substation, and Relay",0.38,2.88,3.12,3.12,2.88,3.75,3.62,2.88,1.62,2.75,3.0,2.25,2.0,2.0,2.75,2.25,3.0,2.5,2.88,2.12,3.25,2.38,1.88,3.25,3.38,3.62,2.62,2.88,2.62,3.12,3.0,2.75,1.88,3.0,3.5,2.88
49-2096,"Electronic Equipment Installers and Repairers, Motor Vehicles",0.61,2.75,3.38,3.12,3.0,3.5,3.25,3.0,3.25,2.62,2.88,2.5,2.12,2.0,2.12,2.25,2.88,2.75,2.88,1.88,3.5,2.75,1.88,3.0,3.12,3.62,1.88,3.0,2.88,3.0,2.38,2.25,2.12,3.12,3.62,2.88
49-2097,Audiovisual Equipment Installers and Repairers,0.65,2.88,3.12,3.38,2.88,3.12,3.38,3.0,3.38,2.75,3.25,2.62,1.88,2.12,2.38,2.25,2.88,2.12,2.88,1.88,3.12,2.5,1.62,3.62,3.12,3.62,1.75,3.0,2.75,3.38,2.88,2.75,1.75,3.0,3.62,2.75
49-2098,Security and Fire Alarm Systems Installers,0.82,2.88,3.25,3.12,2.88,3.38,2.75,2.25,3.38,2.62,3.12,2.38,1.75,1.88,2.12,2.12,3.0,2.0,2.88,1.88,3.12,2.12,1.75,3.12,3.12,3.0,1.75,2.88,2.88,3.38,2.62,2.62,1.88,3.0,3.0,2.88
49-3011,Aircraft Mechanics and Service Technicians,0.71,3.12,3.5,3.88,2.88,4.0,4.88,3.38,2.75,2.88,3.5,2.75,1.62,2.12,2.62,2.88,3.62,2.12,3.75,2.12,4.25,2.75,1.62,3.75,4.12,4.88,2.38,2.75,2.88,3.25,3.25,3.25,1.88,3.0,4.5,3.0
49-3021,Automotive Body and Related Repairers,0.91,2.88,3.0,2.88,2.88,3.0,2.62,2.75,2.0,2.25,2.88,2.25,1.88,1.88,2.12,2.12,3.0,2.25,2.88,2.0,3.0,2.62,1.75,3.0,2.88,3.25,1.25,2.88,2.88,3.0,2.12,2.12,1.88,3.0,3.12,2.38
49-3022,Automotive Glass Installers and Repairers,0.55,2.62,2.88,2.75,2.75,2.88,2.12,3.0,3.12,2.38,2.75,2.38,1.38,1.75,2.0,2.0,2.88,2.38,2.75,1.75,2.75,2.38,1.12,2.75,2.5,2.38,1.5,2.88,2.88,3.0,2.12,2.0,1.62,2.88,2.25,2.38
49-3023,Automotive Service Technicians and Mechanics,0.59,2.75,3.25,3.12,2.88,3.5,3.38,3.0,2.75,2.5,3.25,2.62,1.88,1.75,2.25,2.25,3.25,2.25,3.25,1.38,3.5,2.62,1.62,3.12,2.88,3.75,1.5,2.88,3.0,3.12,3.0,3.0,1.75,3.0,3.62,2.75
49-3031,Bus and Truck Mechanics and Diesel Engine Specialists,0.73,2.75,3.0,3.0,2.88,3.25,3.38,3.12,2.12,2.12,3.12,2.75,1.88,1.88,2.0,2.0,3.0,2.0,3.0,1.88,3.5,2.0,1.88,3.25,2.88,4.0,1.75,2.12,2.75,3.12,2.88,2.75,1.88,3.0,4.0,2.62
49-3041,Farm Equipment Mechanics and Service Technicians,0.75,3.0,3.12,3.38,2.75,3.5,4.25,3.25,2.62,2.25,3.12,2.75,1.88,2.12,2.25,2.62,3.12,2.0,3.75,1.62,3.38,2.38,1.62,3.38,3.0,4.25,2.0,2.5,2.75,3.12,3.0,2.88,1.88,3.0,4.0,2.88
49-3042,"Mobile Heavy Equipment Mechanics, Except Engines",0.4,3.0,3.0,3.12,2.88,3.25,4.0,3.38,2.38,2.75,3.12,2.62,1.75,2.5,2.75,2.88,3.0,2.38,3.62,1.88,3.75,2.5,1.62,3.38,3.12,4.12,1.88,2.62,2.88,3.0,2.75,2.5,1.88,3.0,4.12,3.0
49-3043,Rail Car Repairers,0.88,2.75,3.0,2.75,2.88,3.25,3.75,2.75,2.62,2.5,2.88,2.62,1.75,1.88,2.5,2.12,2.88,2.12,3.12,1.75,3.25,2.25,1.0,3.25,2.88,4.0,1.75,2.38,2.75,3.0,2.62,2.62,1.88,2.88,4.0,2.88
49-3051,Motorboat Mechanics and Service Technicians,0.66,2.38,3.12,3.12,2.5,3.38,3.88,3.12,1.62,1.88,3.12,2.0,1.75,2.0,1.88,2.25,2.88,1.88,3.62,1.5,3.5,2.0,1.62,3.12,2.75,4.0,2.0,2.62,2.62,3.0,2.25,2.25,1.88,2.75,3.75,2.5
49-3052,Motorcycle Mechanics,0.79,3.12,3.12,3.12,3.0,3.12,3.5,3.0,2.0,2.62,3.12,2.62,1.38,1.88,2.12,2.25,3.12,2.12,3.12,2.0,3.12,2.5,1.25,3.12,3.0,3.88,1.88,2.88,2.75,3.12,2.38,2.25,1.88,3.12,3.88,2.75
49-3053,Outdoor Power Equipment and Other Small Engine Mechanics,0.93,2.75,3.12,3.0,2.75,3.25,3.88,3.25,1.75,2.12,2.88,2.5,1.75,2.0,1.88,2.0,2.88,2.0,3.25,1.5,3.38,2.12,1.38,3.12,2.88,3.88,1.75,2.38,2.75,2.88,2.25,2.38,1.75,2.75,3.75,2.62
49-3091,Bicycle Repairers,0.94,2.88,3.62,3.0,2.88,3.62,3.38,3.38,2.5,2.75,2.88,2.75,1.88,2.0,2.5,2.12,2.88,2.88,2.62,1.62,2.75,2.88,1.12,3.25,3.0,3.88,1.25,3.38,3.25,3.38,2.5,2.38,1.88,2.75,3.62,2.88
49-3092,Recreational Vehicle Service Technicians,0.59,3.0,3.0,3.12,2.88,3.0,3.12,3.0,1.88,2.5,3.0,2.0,1.75,1.88,1.88,2.0,2.88,2.5,3.12,1.62,3.12,2.5,1.5,3.12,3.0,4.0,1.62,3.0,2.75,3.0,2.88,2.88,1.62,2.88,3.62,2.62
49-3093,Tire Repairers and Changers,0.7,2.25,3.0,2.75,2.75,3.0,2.38,2.12,2.0,2.25,2.62,2.12,1.75,2.12,2.38,2.0,2.88,2.25,2.75,1.0,2.88,2.25,1.0,2.88,2.5,2.88,1.0,3.0,2.75,3.0,2.0,2.0,1.38,3.0,2.88,2.25
49-9011,Mechanical Door Repairers,0.91,3.0,3.12,3.0,3.0,3.5,2.75,2.75,3.12,3.0,2.88,2.62,1.88,1.88,2.88,2.5,3.0,2.62,2.75,1.88,3.0,2.88,1.0,3.25,3.12,3.0,1.0,3.0,3.0,3.12,2.12,2.25,2.0,2.88,2.88,2.75
49-9012,"Control and Valve Installers and Repairers, Except Mechanical Door",0.63,2.88,3.12,3.0,3.0,3.38,3.12,2.88,2.38,2.25,3.12,2.5,1.88,1.75,2.0,2.12,3.12,2.12,3.0,1.62,3.12,2.0,1.62,3.12,3.0,3.25,1.75,2.5,2.88,3.12,2.25,2.12,1.88,2.75,3.12,3.0
49-9021,"Heating, Air Conditioning, and Refrigeration Mechanics and Installers",0.65,3.12,3.25,3.25,3.0,3.5,3.12,3.0,3.38,2.88,3.12,2.75,1.75,2.25,2.88,2.5,3.12,2.38,3.0,1.62,3.62,2.75,1.62,3.25,3.38,3.38,1.75,2.88,3.0,3.12,3.0,3.0,1.75,2.88,3.5,2.88
49-9031,Home Appliance Repairers,0.72,2.88,3.38,3.12,2.75,3.75,3.62,3.0,3.0,2.25,3.0,2.12,2.0,2.12,2.5,2.12,2.88,2.25,2.88,1.88,3.5,2.75,1.62,3.5,3.12,3.88,1.75,3.0,2.75,3.5,2.62,2.25,1.88,3.0,3.62,2.75
49-9041,Industrial Machinery Mechanics,0.67,3.12,3.12,3.12,3.0,3.62,4.0,3.12,2.62,2.62,3.12,2.62,1.62,1.75,2.62,2.38,3.12,1.88,4.0,1.88,4.0,2.12,1.75,3.75,2.88,4.0,1.75,2.25,2.75,3.0,2.88,2.88,2.0,3.0,4.0,2.75
49-9043,"Maintenance Workers, Machinery",0.86,2.75,3.0,2.88,3.0,3.0,3.75,2.75,2.88,2.25,3.0,2.12,1.75,1.88,2.12,2.0,2.75,2.12,3.62,1.88,3.75,2.12,1.75,3.12,3.0,3.75,1.75,2.12,2.62,2.88,2.12,2.0,1.88,3.0,3.75,2.38
49-9044,Millwrights,0.59,2.75,3.12,3.12,3.0,3.62,3.75,2.88,3.75,2.88,3.12,2.88,2.0,2.0,2.62,2.62,3.12,2.88,3.38,1.88,3.62,2.88,1.75,3.25,3.0,3.62,1.75,3.0,3.0,3.0,2.75,2.62,1.88,3.25,3.75,2.75
49-9045,"Refractory Materials Repairers, Except Brickmasons",0.82,2.38,3.0,2.62,2.88,2.88,3.0,2.62,1.38,2.5,2.75,2.25,1.5,1.62,2.25,2.0,2.75,2.0,3.0,2.0,3.25,2.0,1.0,2.62,2.88,3.12,1.0,2.38,2.75,2.75,1.88,1.75,1.62,2.88,2.88,2.5
49-9051,Electrical Power-Line Installers and Repairers,0.1,3.0,3.38,3.12,3.12,3.12,3.0,2.62,3.0,2.5,3.12,2.75,1.5,1.62,2.88,2.0,3.25,2.0,3.25,1.88,3.25,2.62,1.25,3.12,3.0,3.12,1.75,2.62,2.75,2.88,3.12,2.88,1.88,3.0,3.38,2.5
49-9052,Telecommunications Line Installers and Repairers,0.49,2.75,3.0,3.12,3.0,3.12,3.0,2.25,2.38,2.12,3.0,2.25,1.75,1.75,2.0,2.0,3.0,2.12,3.0,1.88,3.12,2.25,1.62,2.88,2.88,2.88,1.75,2.75,2.88,3.12,2.38,2.25,1.88,2.88,3.0,2.62
49-9061,Camera and Photographic Equipment Repairers,0.97,3.0,3.12,3.12,2.25,3.5,3.38,3.0,1.88,1.62,3.12,2.62,2.0,2.25,2.0,2.38,2.88,2.0,2.12,1.88,3.0,2.12,1.75,3.38,3.12,3.75,2.12,2.38,2.75,3.0,2.12,2.12,2.12,3.12,3.88,2.62
49-9062,Medical Equipment Repairers,0.27,3.0,3.0,3.0,2.75,3.12,4.0,3.0,2.5,2.62,3.0,2.62,2.0,2.0,2.25,2.88,2.88,2.12,2.88,2.0,3.5,2.5,2.0,3.38,3.12,4.25,2.12,2.75,2.88,2.88,3.0,2.5,2.12,3.0,3.88,2.75
49-9063,Musical Instrument Repairers and Tuners,0.91,2.75,3.0,3.12,2.38,3.62,3.0,3.0,1.5,2.38,3.12,2.38,2.0,2.25,1.88,2.0,2.88,2.12,2.88,1.88,2.88,2.38,1.25,3.88,3.0,3.75,1.62,3.12,2.88,3.0,2.75,2.88,1.88,3.0,3.75,2.75
49-9064,Watch and Clock Repairers,0.99,2.25,3.0,2.88,2.25,3.12,3.0,2.62,1.5,2.0,3.0,2.0,2.12,2.25,2.0,2.0,2.62,2.25,2.75,2.0,3.12,2.12,1.0,3.0,2.88,3.88,1.75,2.75,2.75,3.0,2.0,2.12,1.88,2.38,3.0,2.25
49-9071,"Maintenance and Repair Workers, General",0.64,3.12,3.0,3.12,3.0,3.25,3.88,3.0,3.0,2.38,3.0,2.25,2.12,2.25,2.38,2.38,3.12,2.38,3.12,2.12,3.12,2.25,1.38,3.12,3.0,3.88,1.88,2.38,2.75,3.0,2.5,2.25,2.12,3.0,3.75,2.88
49-9091,"Coin, Vending, and Amusement Machine Servicers and Repairers",0.94,2.62,2.88,2.88,2.62,2.88,3.38,2.5,2.12,1.88,2.88,1.88,1.88,2.0,2.0,2.0,2.88,1.88,3.0,1.5,3.0,2.0,1.38,3.0,2.88,3.5,1.62,2.88,2.62,2.88,2.88,2.75,1.0,2.88,3.25,2.62
49-9092,Commercial Divers,0.18,3.0,3.75,3.25,3.25,3.88,3.25,3.0,2.5,3.12,3.25,2.88,1.62,2.0,2.75,2.12,3.12,3.0,3.38,1.88,3.75,2.88,1.0,3.5,3.25,3.25,2.5,2.75,3.0,3.62,2.88,2.62,1.75,3.38,3.25,3.0
49-9094,Locksmiths and Safe Repairers,0.77,2.62,3.12,3.0,2.5,3.38,2.88,2.88,3.0,2.38,2.88,2.38,2.0,2.12,2.38,2.62,2.62,2.12,3.0,1.25,2.88,2.25,1.62,3.12,3.0,3.5,1.0,3.12,2.75,3.12,2.5,2.12,1.75,3.25,3.0,2.75
49-9095,Manufactured Building and Mobile Home Installers,0.18,3.38,3.38,3.38,3.5,3.75,2.62,2.88,2.62,3.25,3.5,3.38,2.25,2.62,3.38,2.62,3.5,3.12,3.75,2.25,3.62,3.0,1.0,3.75,3.12,3.12,1.62,3.12,3.0,3.38,2.75,2.62,2.0,3.38,3.25,2.62
49-9096,Riggers,0.89,2.62,3.12,3.0,3.12,3.12,2.75,2.88,2.0,2.12,3.0,1.62,1.38,1.38,2.5,1.62,3.12,2.12,3.25,2.12,3.12,2.25,1.0,2.88,3.12,2.75,1.38,2.38,2.75,3.0,2.12,2.12,1.5,3.0,2.88,2.38
49-9097,Signal and Track Switch Repairers,0.9,2.88,3.0,3.38,2.75,3.75,4.0,3.62,2.88,2.62,3.0,2.62,1.62,1.75,2.0,2.5,2.88,2.25,3.12,1.12,3.75,2.12,2.0,3.88,2.88,4.0,1.75,2.12,2.75,2.88,2.38,2.38,1.5,3.0,4.12,2.88
49-9098,"Helpers--Installation, Maintenance, and Repair Workers",0.79,2.62,3.12,2.62,3.0,3.12,3.12,2.75,2.38,2.12,2.88,2.5,1.25,1.5,1.88,2.0,3.12,1.88,3.12,1.62,3.12,1.88,1.38,3.0,2.62,3.12,1.12,2.38,2.62,3.0,2.12,2.12,1.62,2.75,3.12,2.12
51-1011,First-Line Supervisors of Production and Operating Workers,0.02,3.12,3.88,3.12,3.75,3.75,2.12,2.25,1.12,3.0,3.62,3.12,2.25,2.12,3.88,2.38,3.75,3.0,2.75,2.88,3.12,3.0,1.25,3.0,3.5,2.25,1.5,3.0,3.75,3.88,3.12,3.0,2.0,3.88,2.25,3.12
51-2011,"Aircraft Structure, Surfaces, Rigging, and Systems Assemblers",0.79,2.88,3.12,3.0,2.88,3.12,3.0,2.88,2.88,2.88,3.0,2.62,2.0,2.12,2.25,2.5,3.12,2.25,2.88,1.88,2.88,2.25,1.5,3.38,3.0,2.88,1.75,2.38,2.75,3.0,2.88,2.88,2.0,3.0,2.88,2.75
51-2021,"Coil Winders, Tapers, and Finishers",0.73,2.25,3.0,2.38,2.88,2.88,1.62,1.62,1.12,2.0,2.75,2.0,1.5,1.5,1.88,1.75,3.12,1.75,3.0,1.5,3.12,1.88,1.0,2.12,2.88,1.38,1.0,1.88,2.62,2.88,2.0,1.88,1.75,2.38,2.0,2.12
51-2022,Electrical and Electronic Equipment Assemblers,0.95,2.62,3.0,2.62,3.0,3.0,2.25,2.25,2.12,2.5,3.12,2.12,1.5,1.75,2.25,2.12,3.12,2.12,2.88,1.62,3.12,2.12,1.25,2.88,3.25,2.25,1.88,2.25,2.62,2.88,2.38,2.25,1.75,2.88,2.5,2.88
51-2023,Electromechanical Equipment Assemblers,0.97,2.38,2.88,2.5,2.38,3.0,2.75,2.38,1.62,1.88,2.88,1.88,1.62,1.75,1.88,2.0,2.88,1.88,2.62,1.75,3.25,1.88,1.5,3.25,3.0,2.75,2.0,2.0,2.5,3.0,2.12,2.12,1.88,2.88,3.0,2.5
51-2031,Engine and Other Machine Assemblers,0.82,2.38,3.0,2.88,2.75,3.0,2.88,2.5,2.0,2.12,2.62,2.0,1.62,2.0,2.12,2.0,3.0,2.12,2.88,1.75,3.38,2.25,1.75,3.12,3.12,2.88,1.88,2.25,2.88,3.0,2.38,2.12,1.88,2.88,2.88,2.25
51-2041,Structural Metal Fabricators and Fitters,0.41,2.25,3.0,2.12,2.38,3.0,2.0,2.12,1.12,2.25,2.38,1.75,1.38,1.38,2.12,2.12,2.88,2.0,2.38,1.88,2.88,2.12,1.0,2.25,3.0,1.88,1.75,2.12,2.62,3.0,1.62,1.62,1.62,2.62,2.12,2.25
51-2051,Fiberglass Laminators and Fabricators,0.93,2.88,3.0,3.0,2.88,2.88,1.88,2.12,1.0,2.88,2.88,2.62,1.88,2.0,2.38,2.38,3.12,2.38,2.88,1.12,3.12,2.38,1.0,2.88,3.0,1.62,1.75,2.38,2.75,3.0,2.25,2.12,1.88,2.88,2.38,2.88
51-2061,Timing Device Assemblers and Adjusters,0.98,2.12,2.88,2.75,2.25,2.88,2.75,2.62,1.62,2.12,2.75,2.12,1.5,1.5,2.0,2.0,2.88,1.62,2.75,1.62,3.0,2.0,1.38,3.25,2.75,3.38,2.0,2.62,2.75,2.75,2.12,2.0,1.62,2.75,3.25,2.5
51-2092,Team Assemblers,0.97,2.25,3.12,2.88,3.0,3.0,2.25,2.0,1.0,3.0,2.75,2.38,1.88,2.0,2.75,2.0,3.12,2.25,2.75,1.38,3.0,2.38,1.62,3.12,3.0,2.0,1.0,2.25,3.0,3.0,2.25,2.12,1.5,3.0,2.12,2.75
51-3011,Bakers,0.89,3.0,3.0,2.25,3.0,3.0,1.5,1.5,1.0,2.0,3.0,2.25,1.75,2.0,2.0,2.25,3.25,2.12,2.25,2.0,2.88,2.0,1.0,2.88,2.88,1.12,1.75,2.5,2.75,3.0,2.0,2.0,1.75,3.0,2.12,2.25
51-3021,Butchers and Meat Cutters,0.93,2.5,3.12,2.88,2.88,3.0,1.62,1.5,1.0,2.62,2.88,2.25,2.12,2.25,2.62,2.38,3.0,2.75,2.38,1.75,2.5,2.75,1.12,2.62,3.0,1.62,1.25,3.0,3.0,3.0,2.38,2.38,1.38,3.0,2.0,2.25
51-3022,"Meat, Poultry, and Fish Cutters and Trimmers",0.94,2.38,3.12,2.38,2.88,3.0,1.75,2.0,1.0,2.62,3.0,2.25,1.75,1.88,2.62,2.25,3.0,2.25,2.25,1.12,2.5,2.25,1.0,2.12,2.38,1.75,1.0,2.75,2.88,3.0,1.62,1.62,1.25,2.88,2.25,2.12
51-3023,Slaughterers and Meat Packers,0.6,2.0,2.62,1.88,2.0,2.38,1.38,1.38,1.0,1.88,2.0,2.0,1.5,1.62,1.88,1.75,2.25,1.75,2.12,1.12,2.25,1.88,1.0,2.12,1.88,1.38,1.0,2.0,2.38,2.75,1.88,1.88,1.0,2.0,2.12,1.75
51-3091,"Food and Tobacco Roasting, Baking, and Drying Machine Operators and Tenders",0.91,2.5,3.12,3.0,3.0,3.12,2.12,2.12,1.62,2.62,3.0,2.5,1.25,1.38,2.12,1.5,3.5,2.25,3.12,1.88,3.62,2.5,1.25,3.12,3.12,2.12,1.75,2.62,3.0,3.0,2.25,2.0,1.5,2.88,2.25,2.88
51-3092,Food Batchmakers,0.7,2.75,3.0,2.88,3.0,3.12,1.62,1.62,1.0,2.12,2.88,2.12,1.25,1.5,2.12,2.75,2.88,2.0,3.0,1.88,3.25,2.0,1.12,2.75,3.12,1.5,2.0,2.12,2.75,3.0,2.0,2.0,1.5,2.75,2.12,2.88
51-3093,Food Cooking Machine Operators and Tenders,0.61,2.62,3.0,2.88,2.88,3.0,1.62,1.5,1.0,2.0,2.75,2.12,1.62,1.88,2.0,2.0,3.12,1.88,3.12,1.62,3.5,2.0,1.25,2.75,3.12,1.38,1.88,2.0,2.62,2.62,2.0,2.12,1.38,2.62,1.88,2.75
51-4021,"Extruding and Drawing Machine Setters, Operators, and Tenders, Metal and Plastic",0.91,2.62,2.88,3.0,3.0,3.12,2.62,2.62,2.12,2.25,3.12,2.25,1.75,1.75,2.25,2.5,3.12,1.75,3.38,1.75,3.5,2.38,1.5,3.12,2.88,2.75,1.88,2.25,2.75,3.0,2.38,2.38,1.88,2.88,3.0,2.62
51-4022,"Forging Machine Setters, Operators, and Tenders, Metal and Plastic",0.93,2.38,3.12,2.62,2.75,2.88,2.75,2.0,1.62,2.25,2.75,2.38,1.38,1.5,2.38,2.12,3.12,2.25,3.12,1.88,3.25,2.38,1.25,2.88,3.12,2.5,1.38,2.12,2.88,2.88,2.0,2.0,1.88,3.0,2.88,2.75
51-4023,"Rolling Machine Setters, Operators, and Tenders, Metal and Plastic",0.83,3.0,3.12,3.0,3.0,3.12,3.0,2.62,2.38,2.75,3.0,2.88,1.75,1.88,2.75,2.38,3.5,2.0,4.0,1.75,4.0,1.88,1.62,3.62,3.0,3.0,1.38,2.38,2.88,3.25,2.75,2.75,1.75,3.0,3.0,2.62
51-4031,"Cutting, Punching, and Press Machine Setters, Operators, and Tenders, Metal and Plastic",0.78,2.75,3.0,2.62,2.75,3.0,2.75,2.0,1.25,2.0,2.88,2.0,1.38,1.38,2.0,2.0,3.0,1.88,3.38,1.75,3.5,2.0,1.0,3.0,2.75,2.62,1.5,1.88,2.62,3.0,1.88,2.0,1.75,2.75,3.0,2.5
51-4032,"Drilling and Boring Machine Tool Setters, Operators, and Tenders, Metal and Plastic",0.94,2.75,3.0,3.0,2.12,3.0,2.75,2.62,1.88,2.25,3.0,2.12,1.62,1.88,2.0,2.5,3.12,2.0,3.12,1.75,3.62,2.12,1.25,2.88,3.12,2.62,1.75,2.0,2.75,3.0,2.12,2.0,1.88,3.0,2.75,2.25
51-4033,"Grinding, Lapping, Polishing, and Buffing Machine Tool Setters, Operators, and Tenders, Metal and Plastic",0.95,2.62,2.88,2.88,2.88,3.0,2.75,2.75,1.5,2.25,3.0,2.25,1.62,2.12,2.12,2.75,3.12,2.0,4.0,1.62,4.0,2.0,1.75,3.5,3.12,2.62,1.5,2.12,2.62,3.0,2.38,2.25,1.62,2.75,3.0,2.38
51-4034,"Lathe and Turning Machine Tool Setters, Operators, and Tenders, Metal and Plastic",0.84,2.0,3.0,2.62,2.62,2.62,3.0,2.62,1.88,2.12,2.88,2.0,1.88,2.0,2.0,2.12,3.0,1.88,3.38,1.75,3.5,2.0,1.88,3.0,3.0,2.25,1.75,2.0,2.5,2.75,2.0,2.0,1.75,2.75,2.62,2.25
51-4035,"Milling and Planing Machine Setters, Operators, and Tenders, Metal and Plastic",0.98,2.62,3.0,2.75,2.75,3.12,2.38,2.25,1.62,2.12,2.62,2.12,1.5,1.62,2.0,2.62,3.12,1.75,3.38,1.88,3.88,1.88,1.5,2.88,2.88,2.38,1.38,2.0,2.62,2.88,2.12,2.0,1.62,2.62,2.75,2.62
51-4041,Machinists,0.65,2.75,3.0,3.0,3.0,3.12,2.88,2.62,2.5,2.5,2.75,2.12,1.62,1.75,2.0,2.88,3.12,2.38,3.25,2.0,3.12,2.25,1.75,3.0,2.88,2.88,1.5,2.25,2.88,3.0,2.5,2.5,1.88,2.88,3.0,2.5
51-4051,Metal-Refining Furnace Operators and Tenders,0.88,2.88,3.0,3.0,2.75,3.0,2.88,2.75,1.0,2.62,2.75,2.25,1.75,2.0,2.62,2.5,3.62,2.12,3.75,1.75,3.88,2.25,1.0,3.0,3.0,2.75,2.0,2.12,2.88,3.0,2.38,2.62,1.25,2.88,2.88,2.75
51-4052,"Pourers and Casters, Metal",0.87,2.25,3.0,2.5,2.88,3.0,2.75,2.0,1.0,2.0,3.0,2.25,1.75,2.12,2.0,2.0,3.0,2.0,3.12,1.75,3.12,2.0,1.25,2.88,2.75,2.12,1.88,2.0,2.5,2.75,2.0,1.88,1.38,2.88,2.5,2.0
51-4061,"Model Makers, Metal and Plastic",0.93,2.5,2.75,2.75,2.5,3.25,2.75,3.0,1.12,1.88,3.0,2.0,1.62,1.88,1.88,2.62,3.12,1.75,3.62,2.38,3.5,1.88,2.0,3.25,2.88,2.88,1.62,1.5,2.25,2.62,2.25,2.12,2.0,3.0,3.0,2.38
51-4062,"Patternmakers, Metal and Plastic",0.9,2.62,3.0,3.0,2.62,3.0,2.38,2.38,1.38,2.38,2.88,2.12,1.25,1.38,2.0,2.38,3.0,2.0,3.12,2.38,3.38,2.0,2.12,3.12,3.0,2.12,1.5,2.0,2.62,3.0,2.12,2.12,2.0,2.88,2.25,2.25
51-4071,Foundry Mold and Coremakers,0.67,2.38,2.88,2.62,2.25,2.88,2.0,2.0,1.0,2.12,2.62,2.0,1.75,1.75,2.0,2.0,3.0,2.0,2.62,1.62,3.0,2.0,1.0,2.38,2.25,2.0,1.25,2.0,2.25,2.62,2.0,1.88,1.38,2.88,2.12,2.0
51-4072,"Molding, Coremaking, and Casting Machine Setters, Operators, and Tenders, Metal and Plastic",0.95,2.88,3.25,2.75,2.38,3.0,2.75,2.25,2.0,2.25,2.75,2.25,1.5,1.5,2.25,2.25,3.12,2.12,3.12,1.88,3.38,2.12,1.38,3.0,3.12,2.88,1.12,2.12,2.88,3.0,1.62,2.12,1.38,3.0,2.88,2.62
51-4081,"Multiple Machine Tool Setters, Operators, and Tenders, Metal and Plastic",0.91,2.88,3.0,3.0,2.88,3.0,3.12,2.38,2.12,2.75,3.12,2.38,2.0,2.0,2.12,2.25,3.12,2.25,3.12,2.0,4.0,2.38,1.88,3.38,3.0,3.0,1.25,2.38,3.0,3.0,2.38,2.25,1.88,2.88,3.0,2.75
51-4111,Tool and Die Makers,0.84,3.0,3.0,3.0,2.88,3.12,3.0,3.12,1.62,2.12,3.12,2.12,1.38,1.62,1.88,2.75,3.12,1.88,3.25,2.88,3.25,1.88,1.62,3.25,2.88,2.88,1.75,1.75,2.5,2.88,2.75,2.38,2.75,3.12,3.0,2.25
51-4121,"Welders, Cutters, Solderers, and Brazers",0.94,2.25,2.62,2.5,2.38,2.88,1.62,2.25,1.5,2.0,2.88,2.0,1.62,1.62,1.88,2.12,3.0,1.88,2.62,1.75,2.75,1.88,1.0,3.12,2.5,1.88,1.62,2.12,2.25,2.62,2.25,2.12,1.5,2.75,2.5,1.75
51-4122,"Welding, Soldering, and Brazing Machine Setters, Operators, and Tenders",0.61,2.62,3.0,3.0,2.62,3.0,2.38,2.12,1.12,2.12,2.75,2.0,1.62,2.0,2.12,2.12,3.0,2.0,3.25,1.88,3.38,2.0,1.12,2.25,3.0,2.25,1.75,2.0,2.38,3.0,2.12,2.12,1.62,2.62,2.25,2.25
51-4191,"Heat Treating Equipment Setters, Operators, and Tenders, Metal and Plastic",0.91,2.75,3.12,2.75,2.88,3.0,3.0,2.5,1.25,2.88,3.0,2.62,1.62,1.75,2.38,2.88,3.12,1.88,3.75,1.88,3.75,1.88,1.75,3.12,2.88,2.75,2.0,2.12,2.62,3.12,2.12,2.12,1.0,2.75,2.75,2.88
51-4192,"Layout Workers, Metal and Plastic",0.84,2.75,2.88,3.0,2.88,3.0,2.0,2.75,1.62,2.38,3.0,2.12,1.5,1.5,1.88,3.12,3.0,1.88,2.88,2.25,3.0,2.12,1.12,3.0,3.0,2.0,1.25,2.0,2.75,2.88,2.12,2.12,1.62,2.75,2.12,2.5
51-4193,"Plating Machine Setters, Operators, and Tenders, Metal and Plastic",0.92,2.12,3.12,2.62,3.0,3.0,2.38,2.12,1.12,2.25,2.88,2.25,1.5,1.88,2.12,2.0,3.12,2.38,3.12,1.88,3.25,2.38,1.0,3.0,3.12,2.25,2.0,2.25,2.62,3.0,2.0,2.0,1.38,3.0,2.38,2.75
51-4194,"Tool Grinders, Filers, and Sharpeners",0.88,2.75,2.75,2.88,2.38,3.25,3.38,3.0,1.12,2.5,2.88,2.5,2.0,2.12,2.38,2.75,3.0,2.25,3.75,1.88,3.88,2.25,1.5,3.5,2.88,3.38,1.12,2.12,2.5,2.5,2.5,2.25,1.88,2.75,3.0,2.5
51-5111,Prepress Technicians and Workers,0.97,2.88,3.12,3.0,3.0,3.12,2.38,2.12,1.0,2.75,3.0,2.38,1.5,1.75,2.25,2.0,3.12,2.62,2.62,2.0,3.0,2.88,1.75,2.75,3.0,2.12,1.62,2.62,2.88,3.12,2.38,2.38,1.75,3.12,2.12,2.88
51-5112,Printing Press Operators,0.83,2.88,3.12,3.0,3.0,3.12,3.12,2.5,1.12,2.25,3.12,2.12,1.62,2.12,2.12,2.12,3.25,2.0,3.25,1.62,3.62,2.38,1.5,3.88,3.12,3.12,1.0,2.12,2.75,3.12,2.25,2.25,1.5,3.12,3.12,2.38
51-5113,Print Binding and Finishing Workers,0.95,2.5,2.88,3.0,2.88,3.25,2.88,2.5,1.88,2.88,3.12,2.5,1.62,1.62,2.5,2.12,3.12,2.12,2.88,1.25,3.38,2.12,1.62,3.0,3.12,2.88,1.12,2.62,2.62,3.0,2.5,2.38,1.62,2.88,2.62,2.75
51-6011,Laundry and Dry-Cleaning Workers,0.71,2.62,3.0,2.38,2.5,2.75,1.75,1.75,1.0,2.38,2.75,2.25,1.62,1.62,2.25,1.62,3.0,2.25,2.75,1.62,2.88,2.25,1.0,2.25,2.75,1.75,1.0,2.38,2.88,2.88,2.0,2.0,1.0,2.88,2.12,2.12
51-6021,"Pressers, Textile, Garment, and Related Materials",0.81,2.12,2.0,2.25,2.0,2.5,2.25,2.0,1.25,1.25,2.12,1.75,1.5,1.5,1.5,1.62,2.38,1.75,3.0,1.5,2.5,1.75,1.0,2.12,2.0,1.75,1.0,1.88,2.0,2.12,1.62,1.88,1.5,2.5,2.25,1.75
51-6031,Sewing Machine Operators,0.89,2.12,2.75,2.75,2.5,2.75,2.0,1.5,1.0,2.0,2.75,2.12,1.75,1.75,1.75,2.0,3.12,1.75,2.62,1.62,2.75,1.75,1.0,2.75,2.62,1.88,1.0,1.75,2.38,2.12,1.88,1.88,1.0,2.75,2.12,2.0
51-6041,Shoe and Leather Workers and Repairers,0.52,2.38,3.0,2.38,2.88,3.0,1.5,2.0,1.0,2.25,2.88,1.62,1.62,1.88,2.12,1.88,3.0,2.0,2.25,1.62,2.88,2.25,1.0,2.5,2.88,1.5,1.0,2.88,2.88,3.0,1.88,1.5,1.38,2.75,2.0,2.12
51-6042,Shoe Machine Operators and Tenders,0.97,2.12,3.0,2.62,2.25,3.0,2.88,2.5,1.0,2.12,2.62,2.12,1.88,1.88,2.12,2.0,3.0,2.12,3.0,1.75,3.0,2.12,1.25,2.88,3.12,2.62,1.12,2.12,2.25,2.75,2.12,2.12,1.38,2.75,2.75,2.12
51-6051,"Sewers, Hand",0.99,2.38,2.62,2.62,2.12,2.5,1.0,1.38,1.0,2.0,2.88,2.0,1.5,1.88,2.0,2.0,2.62,1.88,2.25,1.88,2.25,1.88,1.12,2.25,2.5,1.0,1.0,2.12,2.12,2.62,2.0,1.75,1.38,2.75,2.0,1.88
51-6052,"Tailors, Dressmakers, and Custom Sewers",0.84,2.62,3.0,2.62,2.62,3.0,2.0,2.0,1.0,2.12,2.75,2.0,1.75,1.62,2.0,1.88,2.75,2.12,2.25,2.38,2.5,2.12,1.0,2.12,2.62,2.0,1.0,2.62,2.88,3.0,2.0,2.0,1.88,3.12,2.12,2.5
51-6061,Textile Bleaching and Dyeing Machine Operators and Tenders,0.97,2.12,3.0,2.62,2.75,2.88,2.62,2.5,1.75,2.0,2.88,2.0,1.62,1.75,2.0,2.5,3.0,2.0,3.38,1.62,3.75,2.0,1.38,2.88,2.88,2.5,1.62,2.0,2.62,2.88,2.12,2.12,1.62,3.0,2.62,2.5
51-6062,"Textile Cutting Machine Setters, Operators, and Tenders",0.95,2.5,3.0,2.75,3.0,2.88,3.0,2.5,1.75,2.25,2.88,2.0,1.75,1.88,2.38,2.12,3.12,1.88,3.38,1.75,3.75,1.88,1.75,3.12,2.75,3.0,1.0,1.88,2.5,3.0,2.38,2.12,1.75,2.88,3.0,2.62
51-6063,"Textile Knitting and Weaving Machine Setters, Operators, and Tenders",0.73,2.0,3.0,2.5,2.38,2.88,2.5,2.25,1.62,2.12,2.5,2.12,1.5,1.5,2.0,1.88,3.12,1.88,3.0,1.75,3.38,1.62,1.25,2.88,2.75,2.25,1.12,2.12,2.25,2.88,2.12,2.0,1.25,2.62,2.5,2.38
51-6064,"Textile Winding, Twisting, and Drawing Out Machine Setters, Operators, and Tenders",0.96,2.38,3.0,2.5,2.62,3.0,2.62,2.25,1.62,2.38,2.62,2.38,1.75,1.75,2.38,2.0,3.0,1.88,3.5,1.75,3.62,1.88,1.0,3.12,2.5,2.5,1.0,2.0,2.5,3.12,2.25,2.25,1.38,2.5,2.88,2.38
51-6091,"Extruding and Forming Machine Setters, Operators, and Tenders, Synthetic and Glass Fibers",0.88,2.75,3.0,3.0,3.0,2.88,2.62,2.62,1.0,2.25,3.0,2.25,1.75,2.0,2.12,2.0,3.5,2.12,3.75,2.0,4.0,2.25,1.25,3.0,2.88,2.88,1.25,2.12,2.62,3.0,2.0,2.0,1.5,3.0,2.88,2.62
51-6092,Fabric and Apparel Patternmakers,0.0,3.12,3.38,3.0,2.88,3.75,1.12,1.5,1.0,2.88,3.25,3.0,2.0,2.0,2.12,3.12,3.12,2.5,2.5,2.88,3.0,2.62,2.0,3.12,3.12,1.25,1.12,2.88,2.88,3.12,2.75,2.75,2.12,3.25,2.12,3.0
51-6093,Upholsterers,0.39,3.0,3.0,3.0,2.75,3.5,2.25,2.62,1.25,2.5,3.0,2.75,2.12,2.0,2.38,2.5,3.0,2.38,2.75,2.12,2.88,2.5,1.0,2.75,3.12,2.5,1.25,2.88,2.88,3.0,2.12,2.25,1.88,3.0,2.38,2.62
51-7011,Cabinetmakers and Bench Carpenters,0.92,2.75,2.88,2.88,2.75,3.0,2.88,3.0,1.62,2.25,3.0,2.25,1.75,1.75,2.5,2.88,3.12,2.0,3.12,3.0,3.5,2.25,1.62,3.38,2.88,2.88,1.38,2.38,2.62,3.0,2.0,2.25,1.88,3.0,3.0,2.38
51-7021,Furniture Finishers,0.87,2.75,3.12,2.88,2.88,3.12,2.25,2.38,1.0,2.75,3.0,2.5,1.88,2.12,2.62,2.0,3.12,2.25,2.75,2.12,3.0,2.5,1.12,2.88,2.75,2.38,1.12,2.88,2.75,3.0,2.12,2.12,1.5,3.0,2.5,2.38
51-7031,"Model Makers, Wood",0.96,2.75,2.88,2.75,2.75,3.0,1.88,2.12,1.12,2.25,3.0,2.25,1.38,1.62,2.12,2.38,3.12,1.75,2.88,2.88,3.12,2.12,1.0,2.88,3.0,1.75,1.62,2.38,2.75,3.0,2.12,2.0,1.75,3.0,2.12,2.62
51-7032,"Patternmakers, Wood",0.91,2.75,3.0,3.12,2.5,3.0,2.62,2.75,1.12,2.12,2.88,2.12,2.38,2.25,2.12,3.0,3.12,1.75,3.12,2.88,3.12,1.88,1.62,3.0,3.12,2.25,1.75,2.12,2.88,2.88,2.25,2.25,1.88,2.88,2.38,2.62
51-7041,"Sawing Machine Setters, Operators, and Tenders, Wood",0.86,2.12,2.75,2.62,2.62,3.0,2.75,2.0,1.5,2.0,2.75,2.0,1.5,1.75,2.0,2.0,3.0,1.88,3.12,1.88,3.12,1.88,1.12,3.0,2.38,2.62,1.25,1.88,2.5,2.62,2.0,2.0,1.38,2.75,3.0,1.75
51-7042,"Woodworking Machine Setters, Operators, and Tenders, Except Sawing",0.97,2.5,2.88,2.75,2.12,3.0,3.0,2.88,1.88,1.88,2.88,2.25,1.62,1.75,1.88,2.38,3.12,1.88,3.5,1.88,3.62,1.88,1.75,3.25,2.75,2.88,1.5,1.88,2.25,3.0,1.75,2.0,1.88,2.75,3.0,1.88
51-8011,Nuclear Power Reactor Operators,0.95,3.12,3.88,3.75,3.25,3.88,1.12,1.0,1.0,3.0,3.5,3.0,2.0,2.0,3.0,2.75,3.88,2.75,4.0,1.38,4.0,2.88,2.0,3.25,4.0,1.38,2.75,2.88,3.0,3.25,3.12,2.88,1.38,3.38,3.0,3.5
51-8012,Power Distributors and Dispatchers,0.64,3.0,3.62,3.25,3.0,3.62,1.75,1.38,1.12,2.75,3.25,2.75,1.62,1.75,2.75,2.75,3.62,2.62,3.12,2.12,3.25,2.62,1.38,2.75,3.62,1.75,1.88,2.62,2.75,3.5,2.88,2.75,1.62,3.0,2.25,3.12
51-8013,Power Plant Operators,0.85,2.96,3.12,3.08,3.0,3.58,3.29,2.71,1.66,2.5,3.12,2.67,1.88,1.96,2.16,2.58,3.42,2.29,3.84,1.79,3.96,2.41,1.75,3.04,3.12,3.08,2.21,2.58,2.84,3.17,2.79,2.58,1.84,2.96,3.04,3.0
51-8021,Stationary Engineers and Boiler Operators,0.89,3.12,3.25,3.12,3.12,3.25,3.25,2.5,2.12,2.75,3.12,2.12,1.5,1.88,2.38,2.12,3.12,2.38,3.38,1.62,4.0,2.5,1.38,3.12,3.12,3.25,2.25,2.12,2.75,3.0,2.62,2.88,1.5,3.0,3.25,2.88
51-8031,Water and Wastewater Treatment Plant and System Operators,0.61,2.75,3.12,3.0,3.0,3.0,3.12,2.62,1.12,2.75,3.0,2.75,1.62,2.0,2.0,2.88,3.62,2.0,4.0,1.62,3.88,2.0,1.62,3.12,3.0,3.12,2.62,2.5,2.75,3.12,2.88,2.88,1.5,3.0,3.12,2.75
51-8091,Chemical Plant and System Operators,0.85,3.25,3.38,3.25,2.88,3.5,2.75,2.12,1.0,2.62,3.25,2.88,1.88,1.88,2.75,2.62,3.62,2.25,4.0,2.12,4.12,2.38,1.75,3.62,3.25,2.75,2.88,2.5,2.62,3.12,2.62,2.88,1.0,3.25,2.88,3.0
51-8092,Gas Plant Operators,0.78,2.88,3.0,3.0,3.0,3.5,2.88,2.25,1.0,2.75,3.25,2.75,2.0,2.0,2.75,2.88,3.62,2.5,3.75,1.88,4.12,2.62,1.62,3.25,3.12,2.88,2.0,2.25,2.88,3.0,2.75,2.62,1.88,3.0,3.0,3.0
51-8093,"Petroleum Pump System Operators, Refinery Operators, and Gaugers",0.71,3.0,3.0,3.12,2.88,3.0,2.88,2.5,1.0,2.62,3.0,2.88,1.88,1.88,2.5,2.62,3.62,2.25,3.75,1.88,4.0,2.12,1.88,2.88,3.5,2.62,2.0,2.25,2.88,3.12,2.75,2.5,1.5,3.0,2.88,3.0
51-8099,"Plant and System Operators, All Other",0.86,2.88,3.25,2.88,3.12,3.12,3.25,2.5,1.5,3.0,2.88,2.5,1.75,2.25,2.5,2.88,3.38,2.88,3.75,1.12,3.88,2.88,1.62,3.38,3.5,3.0,2.88,3.0,3.12,3.25,2.88,2.88,1.5,2.88,3.0,3.12
51-9011,Chemical Equipment Operators and Tenders,0.76,3.0,3.38,3.12,3.0,3.38,2.75,2.38,1.0,2.62,3.38,2.75,1.5,2.0,2.5,2.88,3.75,2.0,3.88,2.0,3.88,2.12,1.62,3.0,3.38,2.38,2.62,2.5,2.75,3.12,2.75,2.75,1.75,3.0,3.0,3.0
51-9012,"Separating, Filtering, Clarifying, Precipitating, and Still Machine Setters, Operators, and Tenders",0.88,2.88,3.0,2.88,2.88,3.12,2.88,2.38,2.0,2.62,3.0,2.75,1.88,2.0,2.75,2.62,3.12,2.12,3.12,1.75,3.75,2.5,1.75,3.12,3.0,2.88,2.5,2.38,2.75,2.88,2.62,2.0,1.88,3.0,2.88,2.88
51-9021,"Crushing, Grinding, and Polishing Machine Setters, Operators, and Tenders",0.97,2.75,3.0,2.88,3.0,2.88,2.88,2.12,1.12,2.88,3.0,2.5,1.62,1.88,2.38,2.38,3.12,2.0,3.88,1.25,3.88,2.5,1.25,3.12,3.0,2.75,1.88,2.38,2.75,3.0,2.88,2.62,1.25,3.0,2.88,2.88
51-9022,"Grinding and Polishing Workers, Hand",0.97,2.38,2.88,2.75,2.62,2.88,3.12,2.62,1.0,2.25,2.75,2.12,1.75,1.88,2.12,2.12,2.75,2.12,3.12,1.62,3.25,2.25,1.25,3.38,2.75,3.0,1.12,2.25,2.62,2.88,2.25,2.12,1.88,2.75,2.88,2.38
51-9023,"Mixing and Blending Machine Setters, Operators, and Tenders",0.83,2.75,2.88,2.75,3.0,3.12,3.12,2.12,1.12,2.12,3.0,2.62,1.38,1.62,2.0,2.38,3.12,1.88,3.62,1.12,3.62,1.88,1.38,3.12,3.12,3.12,1.88,2.0,2.62,3.0,2.62,2.12,1.38,3.12,3.12,2.75
51-9031,"Cutters and Trimmers, Hand",0.64,2.12,2.88,2.5,2.25,2.62,1.12,1.12,1.0,2.12,2.75,2.0,1.25,1.5,2.25,2.0,2.75,2.0,2.25,1.25,2.25,2.12,1.0,2.25,2.75,1.0,1.0,2.25,2.75,2.88,2.0,2.0,1.0,2.88,2.0,2.12
51-9032,"Cutting and Slicing Machine Setters, Operators, and Tenders",0.86,2.62,2.88,2.88,3.0,3.0,3.0,2.62,1.5,2.12,2.75,2.12,1.62,1.88,2.25,2.62,3.25,2.0,3.62,1.62,3.75,2.0,1.88,3.5,3.12,2.75,1.5,2.0,2.75,2.62,2.62,2.25,1.75,2.75,3.0,2.38
51-9041,"Extruding, Forming, Pressing, and Compacting Machine Setters, Operators, and Tenders",0.93,2.62,3.0,2.88,2.75,3.0,2.62,2.38,1.88,2.25,2.88,2.12,1.62,1.75,2.12,2.12,3.38,1.75,3.75,2.0,3.75,2.0,1.25,3.0,3.0,2.75,1.75,2.0,2.88,3.12,2.25,2.12,1.75,2.75,3.0,2.75
51-9051,"Furnace, Kiln, Oven, Drier, and Kettle Operators and Tenders",0.37,2.38,3.12,2.38,2.5,3.12,2.12,1.5,1.0,2.12,2.38,2.12,1.25,1.38,2.12,2.25,3.12,2.12,3.12,1.5,3.88,2.12,1.25,3.0,3.12,1.75,1.88,2.12,2.25,3.12,2.0,2.0,1.38,2.38,2.12,2.62
51-9061,"Inspectors, Testers, Sorters, Samplers, and Weighers",0.98,2.38,3.12,2.88,2.88,3.25,1.75,2.0,1.0,2.0,3.12,2.0,1.75,1.88,2.12,2.62,3.0,2.12,2.88,2.0,3.0,2.25,1.5,3.75,3.12,1.62,1.62,2.38,2.88,3.12,2.12,2.12,1.62,3.0,2.25,3.25
51-9071,Jewelers and Precious Stone and Metal Workers,0.95,2.44,3.12,2.68,2.75,3.0,2.0,2.31,1.0,2.25,2.88,2.25,1.87,2.06,2.12,2.38,2.88,2.25,2.12,1.88,2.44,2.38,1.19,2.75,2.82,1.88,1.32,2.68,2.82,3.06,2.0,1.88,1.88,2.56,1.94,2.56
51-9081,Dental Laboratory Technicians,0.97,3.0,3.0,3.0,2.75,3.25,2.25,2.38,1.0,2.75,3.12,2.88,1.88,1.88,2.38,2.0,3.0,2.38,2.75,1.75,3.12,2.38,1.25,2.88,3.38,2.25,2.12,2.38,2.88,3.0,2.25,2.0,1.88,3.25,2.25,2.88
51-9082,Medical Appliance Technicians,0.45,3.0,3.88,3.38,3.0,3.75,3.0,2.75,1.5,3.0,3.25,2.88,1.88,2.12,2.62,2.75,3.25,2.75,2.75,2.38,3.5,2.88,1.38,3.75,3.62,3.0,1.88,3.12,3.5,3.62,2.88,2.5,2.38,3.0,3.62,3.0
51-9083,Ophthalmic Laboratory Technicians,0.97,2.75,2.88,2.62,2.62,3.0,2.25,2.62,1.0,2.25,3.0,2.5,1.75,1.75,2.5,2.12,3.0,2.12,3.25,1.62,3.12,2.25,1.75,3.12,3.0,2.62,1.75,2.75,2.62,2.88,2.25,2.12,1.75,3.12,2.38,2.75
51-9111,Packaging and Filling Machine Operators and Tenders,0.98,2.38,3.0,2.75,3.0,2.88,2.88,2.0,1.0,2.62,2.75,2.12,1.25,1.25,2.25,2.12,3.12,2.25,3.0,1.0,3.25,2.25,1.12,2.88,2.88,2.38,1.0,2.38,2.88,2.75,2.12,2.12,1.38,2.88,2.75,2.62
51-9123,"Painting, Coating, and Decorating Workers",0.92,2.12,2.88,2.12,2.88,2.75,1.5,1.62,1.0,2.12,2.5,2.0,1.5,1.62,2.12,1.88,2.88,2.0,1.5,1.62,2.12,2.0,1.0,2.12,2.75,1.38,1.0,2.38,2.88,2.75,2.0,2.0,1.5,2.62,2.0,2.25
51-9141,Semiconductor Processing Technicians,0.88,2.5,3.25,2.75,2.88,3.38,2.88,2.38,1.38,2.25,2.88,2.25,1.5,1.62,2.25,1.88,3.25,2.0,2.88,2.12,3.62,2.25,1.62,3.25,3.38,2.5,1.88,2.12,2.88,2.88,2.25,2.0,1.75,2.75,2.88,2.75
51-9151,Photographic Process Workers and Processing Machine Operators,0.99,2.88,3.38,3.12,2.75,3.12,2.75,2.75,1.38,2.75,3.0,2.5,2.0,2.12,2.25,2.0,3.12,2.88,3.12,1.5,3.5,2.88,2.38,3.38,3.25,2.38,1.62,3.25,2.88,3.25,2.75,2.5,2.0,3.0,2.88,2.75
51-9191,Adhesive Bonding Machine Operators and Tenders,0.95,2.62,3.12,2.75,3.0,2.88,2.88,2.12,1.12,2.25,2.62,2.25,1.75,1.75,1.88,2.5,3.12,1.88,3.88,1.75,3.75,2.0,1.62,3.12,3.0,3.0,1.5,2.25,2.88,3.12,2.75,2.12,1.25,3.0,3.0,2.75
51-9192,"Cleaning, Washing, and Metal Pickling Equipment Operators and Tenders",0.81,2.12,2.88,2.5,2.75,2.88,2.25,1.88,1.0,2.12,2.62,2.25,1.25,1.38,2.25,2.0,2.88,2.0,3.25,1.38,3.12,2.0,1.12,2.5,2.75,1.75,1.5,2.12,2.75,2.88,2.0,2.0,1.0,2.88,2.25,2.25
51-9193,Cooling and Freezing Equipment Operators and Tenders,0.93,3.0,3.0,3.5,2.88,3.62,3.12,2.75,1.5,2.75,3.12,2.5,1.75,1.88,2.75,2.38,3.5,2.38,3.75,1.88,3.88,2.5,1.75,3.12,3.0,3.12,1.75,2.38,2.75,3.12,2.38,2.25,1.62,3.0,3.12,2.88
51-9194,Etchers and Engravers,0.98,2.38,3.0,2.62,2.5,3.0,2.62,2.25,1.0,2.25,2.88,2.25,1.88,1.88,2.12,2.0,3.12,2.0,3.0,1.88,3.12,2.12,1.62,3.0,3.12,2.12,1.12,2.25,2.75,3.0,2.0,2.0,2.12,2.75,2.62,2.25
51-9195,"Molders, Shapers, and Casters, Except Metal and Plastic",0.9,2.41,2.97,2.66,2.59,2.9,2.03,2.16,1.06,2.09,2.69,2.18,1.68,2.0,2.25,2.25,2.97,2.03,3.0,1.84,3.0,2.09,1.25,2.85,2.88,1.94,1.41,2.22,2.69,2.82,2.12,2.06,1.68,2.66,2.22,2.47
51-9196,"Paper Goods Machine Setters, Operators, and Tenders",0.67,2.88,3.0,2.88,2.88,3.0,2.88,2.25,1.38,2.12,2.75,2.0,1.62,1.88,2.25,2.12,3.0,2.25,3.25,2.0,3.62,2.38,1.0,3.12,2.75,2.25,1.0,2.38,2.88,3.0,2.25,2.25,1.88,3.0,2.75,2.25
51-9197,Tire Builders,0.94,2.0,3.0,2.25,2.0,3.0,1.88,1.88,1.12,2.0,2.75,2.0,1.5,1.62,1.88,1.88,3.0,1.75,3.25,1.38,3.12,1.88,1.25,2.62,2.25,1.75,1.0,2.12,2.38,2.62,1.88,1.75,1.62,2.75,2.12,2.0
51-9198,Helpers--Production Workers,0.66,2.0,2.88,2.25,2.62,2.75,2.12,2.0,1.0,2.0,2.25,2.0,1.62,1.75,1.88,2.0,2.88,1.88,2.62,1.62,2.75,1.88,1.25,2.62,2.62,2.12,1.25,2.12,2.62,2.75,2.0,1.88,1.25,2.25,2.12,1.88
53-1041,Aircraft Cargo Handling Supervisors,0.07,3.0,3.62,3.12,3.5,3.75,2.0,1.88,1.12,3.12,3.38,3.5,1.75,2.12,3.75,3.0,3.62,2.5,2.75,1.75,2.75,2.75,1.62,2.62,3.25,2.0,1.5,2.88,3.25,3.62,3.0,2.75,1.75,3.62,2.38,3.12
53-1042,"First-Line Supervisors of Helpers, Laborers, and Material Movers, Hand",0.42,2.94,3.56,3.19,3.68,3.5,1.25,1.5,1.0,3.0,3.25,3.0,2.18,2.25,3.68,2.38,3.44,2.81,2.18,1.62,2.56,3.0,1.32,2.32,3.31,1.25,1.32,2.88,3.12,3.75,2.75,2.88,1.62,3.5,1.88,3.12
53-1043,First-Line Supervisors of Material-Moving Machine and Vehicle Operators,0.03,3.12,4.0,3.5,4.0,3.62,2.25,1.62,1.0,3.12,3.62,3.12,1.75,2.5,4.0,2.75,3.5,3.12,2.25,2.5,2.5,3.0,1.25,2.38,3.62,2.25,1.25,3.0,3.62,3.88,2.88,2.88,1.38,4.0,2.25,3.38
53-2011,"Airline Pilots, Copilots, and Flight Engineers",0.18,3.75,4.12,3.62,3.62,4.12,1.75,1.0,1.0,3.0,4.0,3.0,1.62,1.88,2.88,3.12,4.12,2.62,4.88,2.12,4.62,2.75,1.5,3.12,3.88,1.12,2.75,2.88,3.25,3.75,3.25,3.25,1.62,3.88,3.12,3.12
53-2012,Commercial Pilots,0.55,3.62,3.88,3.62,3.25,4.0,1.88,1.5,1.0,3.0,3.88,3.12,1.62,1.88,2.88,2.75,4.12,2.12,4.75,1.62,4.38,2.88,1.5,2.62,3.75,1.88,2.62,2.88,3.0,3.75,3.12,3.0,1.5,3.0,3.12,3.0
53-2021,Air Traffic Controllers,0.11,3.75,4.38,4.0,3.88,4.12,1.25,1.25,1.0,3.12,4.12,3.12,1.75,1.75,2.88,2.88,4.0,2.62,2.5,2.75,3.25,2.88,1.75,2.75,3.75,1.12,1.75,3.12,3.38,4.25,3.25,3.12,1.75,3.5,2.0,3.12
53-2022,Airfield Operations Specialists,0.71,3.25,4.0,3.38,3.75,3.75,1.0,1.25,1.0,3.25,3.25,3.0,1.62,2.0,2.88,2.12,4.0,2.88,2.75,2.5,3.0,2.75,1.38,2.25,3.75,1.0,1.62,3.0,3.12,3.75,3.12,3.12,1.75,3.12,1.62,3.38
53-2031,Flight Attendants,0.35,3.12,3.88,2.88,3.62,3.12,1.0,1.0,1.0,2.88,3.0,2.75,1.88,1.88,2.5,2.0,3.88,2.88,2.0,1.62,2.38,3.0,1.38,2.12,3.12,1.0,1.38,3.75,3.75,4.12,2.0,2.0,1.75,3.12,2.0,3.0
53-3011,"Ambulance Drivers and Attendants, Except Emergency Medical Technicians",0.25,3.12,3.38,2.88,2.88,3.5,2.25,2.0,1.0,3.0,3.0,2.38,1.38,2.12,2.25,2.0,3.0,2.75,3.0,1.75,2.75,2.75,1.12,2.0,3.12,2.12,1.62,3.5,3.12,3.12,2.0,1.88,1.38,2.88,2.38,2.88
53-3031,Driver/Sales Workers,0.98,2.75,3.75,3.0,2.75,3.12,1.62,1.0,1.0,2.12,2.88,2.0,1.75,1.75,2.0,2.62,2.88,2.75,2.75,1.12,2.5,2.88,1.0,2.0,3.0,1.25,1.0,3.12,3.0,3.62,2.0,2.0,1.38,3.0,2.0,2.75
53-3032,Heavy and Tractor-Trailer Truck Drivers,0.79,2.5,2.88,2.62,2.75,3.0,2.88,2.12,1.75,1.88,2.88,2.0,1.75,1.88,1.88,2.0,3.12,2.0,3.75,1.75,3.75,1.88,1.0,2.62,3.0,2.88,1.0,2.5,2.75,3.0,2.12,2.0,1.38,3.0,3.0,2.75
53-3033,Light Truck Drivers,0.69,2.12,3.12,2.62,2.5,3.0,2.25,1.75,1.0,2.25,2.62,2.0,1.5,1.62,2.0,2.25,3.12,1.88,3.12,1.62,2.75,2.0,1.0,2.12,3.12,2.0,1.12,2.75,2.75,3.12,2.12,2.12,1.25,3.0,2.0,2.75
53-3051,"Bus Drivers, School",0.89,2.5,3.38,2.38,3.0,3.38,1.5,1.12,1.12,2.38,2.88,2.38,1.25,1.25,2.0,1.75,3.38,2.25,2.88,1.12,3.12,2.38,1.0,2.25,3.0,1.5,1.0,3.0,3.25,3.12,1.88,1.75,1.25,2.88,2.38,2.62
53-3052,"Bus Drivers, Transit and Intercity",0.67,2.62,3.12,2.38,2.62,3.12,1.88,1.38,1.0,2.0,2.75,2.12,1.75,1.75,2.12,2.0,3.0,2.12,3.88,1.0,3.62,2.5,1.0,2.12,2.75,1.62,1.0,3.12,3.0,3.0,1.88,1.88,1.75,3.12,2.0,2.5
53-4011,Locomotive Engineers,0.96,3.12,3.75,3.12,3.0,3.62,2.12,1.5,1.0,2.38,3.38,2.88,1.62,1.75,2.5,2.5,3.62,2.0,4.12,1.75,4.0,2.0,1.0,2.88,3.38,1.88,1.38,2.38,2.75,3.62,2.25,2.12,1.25,3.12,2.75,3.0
53-4013,"Rail Yard Engineers, Dinkey Operators, and Hostlers",0.91,3.0,3.38,3.38,3.12,3.25,2.88,2.75,1.62,2.75,3.12,2.75,1.75,1.88,2.75,2.38,3.62,1.88,3.75,1.38,3.62,2.38,1.25,3.12,3.12,2.88,1.5,2.62,2.62,3.5,2.75,2.75,1.25,3.12,3.12,2.88
53-4031,Railroad Conductors and Yardmasters,0.83,3.0,3.5,3.25,3.75,3.62,1.12,1.0,1.0,2.88,3.5,2.75,1.75,1.88,3.0,2.25,3.75,2.5,3.25,1.88,3.38,3.0,1.5,3.0,3.12,1.0,1.5,2.88,2.88,3.75,3.0,3.0,1.38,3.5,2.25,3.0
53-4041,Subway and Streetcar Operators,0.86,3.0,3.62,3.0,3.0,3.0,2.25,2.0,1.0,2.38,3.12,2.62,2.0,2.0,2.12,2.38,3.25,2.62,3.88,1.75,3.88,2.75,1.0,2.5,3.12,2.12,1.0,3.12,3.0,3.38,2.0,2.0,1.0,3.0,2.62,2.75
53-5011,Sailors and Marine Oilers,0.83,2.88,3.12,3.0,3.0,3.12,2.88,2.75,1.0,2.62,3.0,2.5,1.88,2.0,2.75,2.5,3.25,2.5,3.62,1.25,3.88,2.75,1.0,3.0,2.88,3.12,1.88,2.88,2.88,3.0,2.12,2.12,1.88,3.0,3.12,2.75
53-5021,"Captains, Mates, and Pilots of Water Vessels",0.27,3.12,3.38,3.25,3.25,3.38,3.12,2.62,1.38,3.12,3.38,2.88,2.5,2.75,3.25,2.38,3.5,2.88,3.62,1.62,3.38,3.0,1.88,3.12,3.25,3.0,1.88,2.88,3.12,3.5,2.75,2.5,2.12,3.12,2.88,3.12
53-5022,Motorboat Operators,0.62,2.75,3.12,3.0,3.0,3.12,3.38,2.62,1.0,2.88,3.25,2.38,1.88,2.0,2.75,2.25,3.38,2.62,3.88,1.62,3.75,2.38,1.0,2.88,2.88,2.88,1.5,3.0,3.0,3.38,2.75,2.62,1.88,3.0,3.0,2.5
53-5031,Ship Engineers,0.04,3.25,3.62,3.38,3.0,3.88,3.75,3.0,2.5,2.75,3.25,2.75,1.75,2.0,2.88,2.38,3.62,2.0,3.88,1.75,3.88,2.0,1.62,3.12,3.12,3.75,1.88,2.75,2.88,3.5,3.25,2.75,1.5,3.0,3.75,3.0
53-6011,Bridge and Lock Tenders,0.97,2.38,3.0,2.88,3.0,3.0,1.75,1.5,1.0,2.75,3.0,2.5,1.0,1.12,2.25,2.0,3.25,2.5,3.0,1.12,3.0,2.62,1.12,2.5,2.88,1.62,1.12,2.88,2.62,3.0,1.75,2.0,1.12,2.88,2.38,2.88
53-6021,Parking Attendants,0.87,2.25,3.25,2.5,2.75,2.88,1.5,1.25,1.0,2.38,2.75,2.12,1.62,1.75,2.12,2.75,2.75,2.38,2.62,1.25,2.25,2.25,1.0,1.62,2.5,1.25,1.0,3.38,3.0,3.5,1.88,2.0,1.0,2.38,1.62,2.75
53-6031,Automotive and Watercraft Service Attendants,0.83,2.5,3.12,3.0,3.0,3.0,3.0,2.38,2.0,2.25,3.0,2.25,1.88,1.88,2.12,2.38,2.75,2.62,3.12,1.25,2.75,2.62,1.12,2.62,2.75,3.0,1.38,3.12,2.88,3.12,2.12,2.12,1.62,3.12,2.5,2.62
53-6041,Traffic Technicians,0.9,3.0,3.62,3.25,3.0,3.25,2.0,2.0,1.12,2.88,3.25,2.62,2.0,2.0,3.0,2.88,3.12,2.75,2.75,2.88,2.88,2.88,2.0,2.38,3.25,1.88,2.75,2.88,3.0,3.25,3.0,3.0,2.12,3.0,2.12,3.12
53-6051,Transportation Inspectors,0.9,2.87,3.5,3.04,2.92,3.54,2.21,1.96,1.04,2.58,3.08,2.5,1.58,1.75,2.5,2.29,3.21,2.5,2.75,1.83,3.25,2.54,1.33,3.33,3.5,2.17,2.21,2.67,2.96,3.5,2.54,2.63,1.66,3.17,2.92,3.29
53-6061,Passenger Attendants,0.75,2.62,3.75,2.62,3.0,2.88,1.0,1.0,1.0,2.5,2.62,1.62,1.38,1.38,2.12,2.12,3.25,2.88,2.38,1.38,2.5,3.0,1.38,2.25,3.0,1.0,1.0,3.88,3.75,3.75,1.88,2.0,1.38,2.5,2.0,2.5
53-7011,Conveyor Operators and Tenders,0.93,2.75,3.12,3.0,2.62,3.0,2.62,2.12,1.0,2.75,2.88,2.12,1.38,1.88,2.5,2.0,3.38,2.12,4.0,2.0,4.0,2.5,1.25,2.88,2.88,2.5,1.75,2.75,2.75,3.0,2.62,2.75,1.88,2.88,2.88,2.75
53-7021,Crane and Tower Operators,0.9,2.88,3.12,2.88,2.75,3.25,2.88,2.0,1.62,2.25,3.0,2.25,1.5,1.62,2.38,2.62,3.12,2.12,3.88,1.88,3.75,2.25,1.0,2.62,3.0,2.88,1.12,2.12,2.5,3.0,1.62,2.12,1.38,3.0,2.88,2.62
53-7031,Dredge Operators,0.92,2.5,2.88,2.75,3.0,3.0,2.5,2.75,1.0,2.38,3.0,2.38,1.75,1.88,2.62,2.0,2.88,2.25,3.75,1.75,3.5,2.25,1.0,2.5,2.5,2.5,1.25,2.12,2.75,2.88,2.12,2.12,1.75,2.75,2.88,2.12
53-7041,Hoist and Winch Operators,0.65,2.88,3.38,3.25,3.0,3.75,2.75,2.75,1.12,3.0,3.25,2.5,1.75,1.75,3.0,2.62,3.62,2.62,3.38,1.75,3.62,2.75,1.0,2.75,2.75,2.88,1.25,2.75,3.12,3.12,2.12,2.12,1.0,3.5,2.75,2.25
53-7051,Industrial Truck and Tractor Operators,0.93,2.12,2.88,2.25,3.0,2.75,3.0,2.0,1.0,2.0,2.75,2.12,1.62,1.88,1.88,2.12,2.75,2.0,3.88,1.62,3.25,2.0,1.25,2.0,2.88,2.25,1.25,2.12,2.62,2.75,2.0,2.12,1.62,3.0,3.0,2.5
53-7061,Cleaners of Vehicles and Equipment,0.37,2.0,2.5,2.12,2.25,2.25,2.25,2.25,1.38,2.0,2.25,1.88,1.25,1.88,2.0,1.62,2.75,2.0,3.0,1.25,2.88,1.88,1.12,3.0,2.25,2.25,1.25,2.38,2.12,2.62,2.25,1.75,1.25,2.75,2.25,1.88
53-7062,"Laborers and Freight, Stock, and Material Movers, Hand",0.85,2.25,3.0,2.19,2.81,2.62,2.13,2.0,1.0,2.18,2.5,2.06,1.38,1.82,2.18,1.94,2.94,1.94,2.94,1.18,2.87,2.0,1.0,2.38,2.68,2.06,1.06,2.25,2.5,2.75,1.94,1.94,1.38,2.62,2.25,2.32
53-7063,Machine Feeders and Offbearers,0.93,2.0,2.75,2.0,2.5,2.5,1.88,1.62,1.0,2.0,2.5,2.0,1.75,1.88,1.88,2.12,3.0,1.88,2.62,1.25,3.38,2.0,1.0,2.75,2.75,1.75,1.25,2.0,2.5,2.75,1.62,2.0,1.0,2.5,2.75,2.38
53-7064,"Packers and Packagers, Hand",0.38,2.12,2.75,2.0,2.62,2.75,1.38,1.62,1.0,1.88,2.25,2.0,1.25,1.5,1.75,2.0,3.0,1.62,2.0,1.12,2.12,1.62,1.38,2.25,2.62,1.25,1.0,2.12,2.12,2.62,1.88,1.88,1.12,2.25,1.75,2.0
53-7065,Stockers and Order Fillers,0.64,2.38,3.25,2.25,2.75,2.75,1.25,1.25,1.12,2.25,2.62,2.25,1.62,1.88,2.38,2.0,2.88,2.12,2.25,1.38,2.25,2.25,1.62,2.25,3.0,1.12,1.12,2.88,2.88,2.88,2.38,2.25,1.62,2.62,1.88,2.5
53-7071,Gas Compressor and Gas Pumping Station Operators,0.91,2.88,3.12,3.0,3.0,3.62,3.12,2.12,1.0,2.5,3.0,2.25,1.62,2.0,2.25,2.25,3.12,2.25,3.88,1.0,4.0,2.25,1.38,3.0,3.12,3.0,1.88,2.25,2.75,3.0,2.62,2.0,1.88,3.0,3.12,3.0
53-7072,"Pump Operators, Except Wellhead Pumpers",0.9,2.88,3.12,2.88,2.88,3.12,2.88,2.25,1.12,2.88,3.0,2.12,2.0,2.25,2.62,2.38,3.5,2.25,3.5,1.88,3.88,2.38,1.75,2.88,3.12,2.75,2.0,2.38,2.75,3.12,2.38,2.12,1.88,3.0,3.0,2.88
53-7073,Wellhead Pumpers,0.84,2.38,2.88,3.0,2.25,3.12,3.12,2.25,1.25,2.12,3.12,1.88,1.38,1.75,2.12,2.25,3.12,2.0,3.88,1.38,4.0,2.0,1.25,2.38,2.75,3.12,1.12,1.88,2.5,3.0,2.0,2.0,1.5,2.75,3.12,2.62
53-7081,Refuse and Recyclable Material Collectors,0.93,2.25,2.88,2.38,2.62,2.75,2.75,1.75,1.0,1.88,2.38,1.38,1.0,1.0,2.0,1.0,2.5,2.0,3.0,1.12,3.0,2.0,1.0,2.25,2.62,2.5,1.0,2.38,2.5,2.88,1.38,1.38,1.0,2.5,2.5,2.5
53-7121,"Tank Car, Truck, and Ship Loaders",0.72,2.75,3.0,3.0,2.88,3.0,2.62,2.38,1.0,2.5,2.88,2.5,2.0,2.0,2.88,2.5,3.0,2.25,3.75,1.0,3.75,2.0,1.38,2.88,3.25,2.5,1.5,2.25,2.62,3.0,2.5,2.12,1.75,3.12,2.62,3.0
